jobdicSeq,직업명,학과명,자격증명,자격증ID,jobID
1,가스ㆍ수도ㆍ전기 계기 검침원 및 안전점검원,,,,1
5,일기예보관,"대기과학과, 천문학과",기상예보기술사,T296,2
5,일기예보관,"대기과학과, 천문학과",기상기사,T295,3
6,기상연구원,"대기과학과, 천문학과",기상예보기술사,T296,4
6,기상연구원,"대기과학과, 천문학과",기상기사,T295,5
8,물리학연구원,"물리학과, 지구환경과학과",,,6
10,방사선사,방사선과,방사선사,S118,7
13,생물학연구원,생물학과,,,8
15,수의사,"동물자원학과, 생물학과, 수의학과",수의사,,9
17,수학연구원,"수학과, 통계학과",,,10
19,의료장비기사,"메카트로닉스공학과, 의료보장구과, 의료정보공학과, 의료정보시스템과, 전기공학과, 전기전자공학과",,,11
20,심리학연구원,심리학과,,,12
21,안경사,"광학공학과, 안경광학과",안경사,S178,13
23,약사 및 한약사,"약학부, 한약학과","약사, 한약사",,14
24,유전공학연구원,"생명과학과, 유전공학과",생물공학기사,,15
29,지리학연구원,지리학과,,,16
30,지질학연구원,"지구정보공학과, 지질학과",응용지질기사,T551,17
30,지질학연구원,"지구정보공학과, 지질학과",지질 및 지반 기술사,,18
31,천문학연구원,"대기과학과, 우주과학과, 천문학과",,,19
32,측량사,"건축공학과, 건축과, 건축학과, 기계공학과, 도시공학과, 물리학과, 수학과, 지구정보공학과, 지구환경과학과, 지리학과, 지적과, 지적학과, 천문학과, 측지정보과, 토목공학과, 통계학과",측량및지형공간정보산업기사,T070,20
32,측량사,"건축공학과, 건축과, 건축학과, 기계공학과, 도시공학과, 물리학과, 수학과, 지구정보공학과, 지구환경과학과, 지리학과, 지적과, 지적학과, 천문학과, 측지정보과, 토목공학과, 통계학과",측량및지형공간정보기사,T068,21
32,측량사,"건축공학과, 건축과, 건축학과, 기계공학과, 도시공학과, 물리학과, 수학과, 지구정보공학과, 지구환경과학과, 지리학과, 지적과, 지적학과, 천문학과, 측지정보과, 토목공학과, 통계학과",측량및지형공간정보기술사,T069,22
32,측량사,"건축공학과, 건축과, 건축학과, 기계공학과, 도시공학과, 물리학과, 수학과, 지구정보공학과, 지구환경과학과, 지리학과, 지적과, 지적학과, 천문학과, 측지정보과, 토목공학과, 통계학과",측량기능사,T067,23
36,통계학연구원,"수학과, 통계학과",정보처리기능사,T650,24
36,통계학연구원,"수학과, 통계학과",정보처리산업기사,T652,25
36,통계학연구원,"수학과, 통계학과",정보처리기사,T651,26
36,통계학연구원,"수학과, 통계학과",사회조사분석사1급,T400,27
36,통계학연구원,"수학과, 통계학과",사회조사분석사2급,T401,28
38,해부학연구원,"생물학과, 생화학과, 수의학과",,,29
39,해양학연구원,"해양공학과, 해양시스템학과, 해양자원학과",,,30
40,화학연구원,"생화학과, 화학공학과, 화학과",,,31
41,가전제품 설치 및 수리원,"전기공학과, 전기과, 전기전자공학과, 전기전자과, 전자공학과, 전자과",전기응용기술사,T611,32
41,가전제품 설치 및 수리원,"전기공학과, 전기과, 전기전자공학과, 전기전자과, 전자공학과, 전자과",전기산업기사,T609,33
41,가전제품 설치 및 수리원,"전기공학과, 전기과, 전기전자공학과, 전기전자과, 전자공학과, 전자과",전기기사,T607,34
41,가전제품 설치 및 수리원,"전기공학과, 전기과, 전기전자공학과, 전기전자과, 전자공학과, 전자과",전자기능사,T630,35
41,가전제품 설치 및 수리원,"전기공학과, 전기과, 전기전자공학과, 전기전자과, 전자공학과, 전자과",전자산업기사,T635,36
41,가전제품 설치 및 수리원,"전기공학과, 전기과, 전기전자공학과, 전기전자과, 전자공학과, 전자과",전자기사,T632,37
41,가전제품 설치 및 수리원,"전기공학과, 전기과, 전기전자공학과, 전기전자과, 전자공학과, 전자과",전자기능장,T631,38
41,가전제품 설치 및 수리원,"전기공학과, 전기과, 전기전자공학과, 전기전자과, 전자공학과, 전자과",전자응용기술사,T639,39
42,건설공사품질관리원,"건축공학과, 건축과, 건축학과, 도시건설과, 토목공학과, 토목과",건축품질시험기술사,T231,40
42,건설공사품질관리원,"건축공학과, 건축과, 건축학과, 도시건설과, 토목공학과, 토목과",건설재료시험기능사,T211,41
42,건설공사품질관리원,"건축공학과, 건축과, 건축학과, 도시건설과, 토목공학과, 토목과",건설재료시험산업기사,T213,42
42,건설공사품질관리원,"건축공학과, 건축과, 건축학과, 도시건설과, 토목공학과, 토목과",토목품질시험기술사,T101,43
42,건설공사품질관리원,"건축공학과, 건축과, 건축학과, 도시건설과, 토목공학과, 토목과",건설재료시험기사,T212,44
46,건축공학기술자,"건축공학과, 건축과, 건축학과",건축산업기사,T223,45
46,건축공학기술자,"건축공학과, 건축과, 건축학과",건축기사,T217,46
46,건축공학기술자,"건축공학과, 건축과, 건축학과",건축구조기술사,T214,47
46,건축공학기술자,"건축공학과, 건축과, 건축학과",건축설비산업기사,T226,48
46,건축공학기술자,"건축공학과, 건축과, 건축학과",건축설비기사,T225,49
46,건축공학기술자,"건축공학과, 건축과, 건축학과",건축사,S274,50
46,건축공학기술자,"건축공학과, 건축과, 건축학과",건축일반시공산업기사,T229,51
46,건축공학기술자,"건축공학과, 건축과, 건축학과",건축일반시공기능장,T228,52
46,건축공학기술자,"건축공학과, 건축과, 건축학과",건축시공기술사,T227,53
46,건축공학기술자,"건축공학과, 건축과, 건축학과",건축목공산업기사,T221,54
46,건축공학기술자,"건축공학과, 건축과, 건축학과",건축목재시공기능장,T222,55
47,타이어 및 고무제품 생산직,"기계과, 화학공업과, 화학과",,,56
48,공작기계조작원,"기계공학과, 기계설계공학과",컴퓨터응용선반기능사,T087,57
48,공작기계조작원,"기계공학과, 기계설계공학과",컴퓨터응용밀링기능사,T086,58
48,공작기계조작원,"기계공학과, 기계설계공학과",공작기계절삭가공사,,59
49,광원 및 채석원,,화약취급기능사,T177,60
49,광원 및 채석원,,화약류관리산업기사,T174,61
49,광원 및 채석원,,화약류관리기사,T172,62
49,광원 및 채석원,,화약류관리기술사,T173,63
49,광원 및 채석원,,광산보안기능사,T245,64
49,광원 및 채석원,,광산보안산업기사,T240,65
49,광원 및 채석원,,광산보안기사,T247,66
50,제화원,,신발제조기능사,T491,67
52,금속가공장치조작원,"금속공학과, 신소재공학과, 신소재응용과, 재료공학과, 재료과, 제철금속과",제선기능사,T666,68
52,금속가공장치조작원,"금속공학과, 신소재공학과, 신소재응용과, 재료공학과, 재료과, 제철금속과",제선기능장,T667,69
52,금속가공장치조작원,"금속공학과, 신소재공학과, 신소재응용과, 재료공학과, 재료과, 제철금속과",제강기능사,T657,70
52,금속가공장치조작원,"금속공학과, 신소재공학과, 신소재응용과, 재료공학과, 재료과, 제철금속과",제강기능장,T658,71
53,금속공학기술자,"금속공학과, 신소재공학과, 재료공학과, 제철금속과",금속재료시험기능사,T277,72
53,금속공학기술자,"금속공학과, 신소재공학과, 재료공학과, 제철금속과",금속재료산업기사,T276,73
53,금속공학기술자,"금속공학과, 신소재공학과, 재료공학과, 제철금속과",금속기사,,74
53,금속공학기술자,"금속공학과, 신소재공학과, 재료공학과, 제철금속과",금속재료기능장,T272,75
53,금속공학기술자,"금속공학과, 신소재공학과, 재료공학과, 제철금속과",금속재료기술사,T275,76
53,금속공학기술자,"금속공학과, 신소재공학과, 재료공학과, 제철금속과",주조기능장,T022,77
53,금속공학기술자,"금속공학과, 신소재공학과, 재료공학과, 제철금속과",주조산업기사,T023,78
53,금속공학기술자,"금속공학과, 신소재공학과, 재료공학과, 제철금속과",주조기능사,T021,79
53,금속공학기술자,"금속공학과, 신소재공학과, 재료공학과, 제철금속과",금속가공기술사,T270,80
53,금속공학기술자,"금속공학과, 신소재공학과, 재료공학과, 제철금속과",원형기능사,,81
53,금속공학기술자,"금속공학과, 신소재공학과, 재료공학과, 제철금속과",열처리기능사,T520,82
54,금형원,"금속공학과, 금형설계과, 기계공학과, 기계과, 신소재공학과, 안경광학과, 제어계측공학과",금형기술사,T283,83
54,금형원,"금속공학과, 금형설계과, 기계공학과, 기계과, 신소재공학과, 안경광학과, 제어계측공학과",금형제작기능장,,84
54,금형원,"금속공학과, 금형설계과, 기계공학과, 기계과, 신소재공학과, 안경광학과, 제어계측공학과",금형기능사,T280,85
54,금형원,"금속공학과, 금형설계과, 기계공학과, 기계과, 신소재공학과, 안경광학과, 제어계측공학과",사출금형산업기사,T398,86
54,금형원,"금속공학과, 금형설계과, 기계공학과, 기계과, 신소재공학과, 안경광학과, 제어계측공학과",프레스금형산업기사,T134,87
54,금형원,"금속공학과, 금형설계과, 기계공학과, 기계과, 신소재공학과, 안경광학과, 제어계측공학과",사출금형설계기사,,88
54,금형원,"금속공학과, 금형설계과, 기계공학과, 기계과, 신소재공학과, 안경광학과, 제어계측공학과",프레스금형설계기사,,89
56,기계공학 기술자ㆍ연구원,"기계공학과, 기계설계공학과, 자동차공학과",건설기계기술사,T200,90
56,기계공학 기술자ㆍ연구원,"기계공학과, 기계설계공학과, 자동차공학과",기계기술사,T287,91
56,기계공학 기술자ㆍ연구원,"기계공학과, 기계설계공학과, 자동차공학과",건설기계산업기사,,92
56,기계공학 기술자ㆍ연구원,"기계공학과, 기계설계공학과, 자동차공학과",건설기계기사,,93
56,기계공학 기술자ㆍ연구원,"기계공학과, 기계설계공학과, 자동차공학과",농업기계산업기사,T308,94
56,기계공학 기술자ㆍ연구원,"기계공학과, 기계설계공학과, 자동차공학과",농업기계기사,T307,95
56,기계공학 기술자ㆍ연구원,"기계공학과, 기계설계공학과, 자동차공학과",기계설계산업기사,T290,96
56,기계공학 기술자ㆍ연구원,"기계공학과, 기계설계공학과, 자동차공학과",기계설계제도사,,97
57,섬유공학기술자,"섬유공학과, 신소재공학과, 신소재응용과, 의류ㆍ의상학과, 재료공학과",섬유기술사,T431,98
57,섬유공학기술자,"섬유공학과, 신소재공학과, 신소재응용과, 의류ㆍ의상학과, 재료공학과",섬유디자인산업기사,T432,99
57,섬유공학기술자,"섬유공학과, 신소재공학과, 신소재응용과, 의류ㆍ의상학과, 재료공학과",의류기사,T556,100
57,섬유공학기술자,"섬유공학과, 신소재공학과, 신소재응용과, 의류ㆍ의상학과, 재료공학과",의류기술사,T558,101
57,섬유공학기술자,"섬유공학과, 신소재공학과, 신소재응용과, 의류ㆍ의상학과, 재료공학과",섬유산업기사,T433,102
57,섬유공학기술자,"섬유공학과, 신소재공학과, 신소재응용과, 의류ㆍ의상학과, 재료공학과",섬유기사,T430,103
58,냉동기사,,공조냉동기계산업기사,T243,104
58,냉동기사,,공조냉동기계기능사,T239,105
58,냉동기사,,공조냉동기계기사,T241,106
58,냉동기사,,공조냉동기계기술사,T242,107
59,녹음기사,"방송제작과, 음향제작과",,,108
61,대기환경기술자,"대기과학과, 환경공학과, 환경과학과, 환경보건학과",대기환경산업기사,T317,109
61,대기환경기술자,"대기과학과, 환경공학과, 환경과학과, 환경보건학과",대기환경기사,T316,110
61,대기환경기술자,"대기과학과, 환경공학과, 환경과학과, 환경보건학과",대기관리기술사,T313,111
63,도배원,"건축공학과, 금형설계과, 산업설비자동화과",도배기능사,T319,112
64,도자기제조원,"공예과, 공예디자인학과, 공예학과, 도자기공예과, 도자기공예학과",도자공예기능사,T325,113
65,건물도장원,"건축공학과, 금형설계과, 산업설비자동화과",건축도장기능사,T219,114
66,로봇연구원,"기계공학과, 제어계측공학과",,,115
68,목공,,건축목공기능사,T220,116
68,목공,,건축목공산업기사,T221,117
68,목공,,건축목재시공기능장,T222,118
68,목공,,거푸집기능사,T198,119
68,목공,,국가유산수리기능자(대목수),S045,120
68,목공,,국가유산수리기능자(소목수),S055,121
68,목공,,국가유산수리기능자(목조각공),S049,122
69,목재가공관련조작원,,목재가공기능사,T338,123
69,목재가공관련조작원,,펄프종이제조기능사,T115,124
70,미장원,"건축공학과, 금형설계과, 산업설비자동화과",미장기능사,T348,125
72,방수원,"건축공학과, 금형설계과, 산업설비자동화과",방수기능사,T364,126
73,섬유제조원,,섬유기술사,T431,127
73,섬유제조원,,염색기능사,,128
74,배관원,"건축공학과, 금형설계과, 산업설비자동화과",배관산업기사,T369,129
74,배관원,"건축공학과, 금형설계과, 산업설비자동화과",배관기능장,T368,130
75,조적공,,건축일반시공산업기사,T229,131
75,조적공,,조적기능사,T015,132
76,보석감정사,보석감정과,보석감정사,T373,133
77,건설기계운전원,"기계공학과, 기계과, 전기공학과, 전기과, 전기전자공학과, 전기전자과, 제어계측공학과, 제어계측과",지게차운전기능사,T027,134
77,건설기계운전원,"기계공학과, 기계과, 전기공학과, 전기과, 전기전자공학과, 전기전자과, 제어계측공학과, 제어계측과",굴착기운전기능사,T261,135
77,건설기계운전원,"기계공학과, 기계과, 전기공학과, 전기과, 전기전자공학과, 전기전자과, 제어계측공학과, 제어계측과",불도저운전기능사,T383,136
77,건설기계운전원,"기계공학과, 기계과, 전기공학과, 전기과, 전기전자공학과, 전기전자과, 제어계측공학과, 제어계측과",로더운전기능사,T329,137
77,건설기계운전원,"기계공학과, 기계과, 전기공학과, 전기과, 전기전자공학과, 전기전자과, 제어계측공학과, 제어계측과",롤러운전기능사,T334,138
77,건설기계운전원,"기계공학과, 기계과, 전기공학과, 전기과, 전기전자공학과, 전기전자과, 제어계측공학과, 제어계측과",아스팔트피니셔운전기능사,T501,139
81,비파괴검사원,"금속공학과, 기계공학과, 기계과, 물리학과, 재료공학과",비파괴검사기술사,T392,140
81,비파괴검사원,"금속공학과, 기계공학과, 기계과, 물리학과, 재료공학과",방사선비파괴검사기능사,T357,141
81,비파괴검사원,"금속공학과, 기계공학과, 기계과, 물리학과, 재료공학과",방사선비파괴검사산업기사,T359,142
81,비파괴검사원,"금속공학과, 기계공학과, 기계과, 물리학과, 재료공학과",방사선비파괴검사기사,T358,143
81,비파괴검사원,"금속공학과, 기계공학과, 기계과, 물리학과, 재료공학과",초음파비파괴검사산업기사,T061,144
81,비파괴검사원,"금속공학과, 기계공학과, 기계과, 물리학과, 재료공학과",자기비파괴검사기능사,T580,145
81,비파괴검사원,"금속공학과, 기계공학과, 기계과, 물리학과, 재료공학과",자기비파괴검사산업기사,T582,146
81,비파괴검사원,"금속공학과, 기계공학과, 기계과, 물리학과, 재료공학과",자기비파괴검사기사,T581,147
81,비파괴검사원,"금속공학과, 기계공학과, 기계과, 물리학과, 재료공학과",침투비파괴검사기능사,T072,148
81,비파괴검사원,"금속공학과, 기계공학과, 기계과, 물리학과, 재료공학과",침투비파괴검사산업기사,T074,149
81,비파괴검사원,"금속공학과, 기계공학과, 기계과, 물리학과, 재료공학과",침투비파괴검사기사,T073,150
81,비파괴검사원,"금속공학과, 기계공학과, 기계과, 물리학과, 재료공학과",와전류비파괴검사기사,T528,151
81,비파괴검사원,"금속공학과, 기계공학과, 기계과, 물리학과, 재료공학과",누설비파괴검사기사,T312,152
83,산업공학기술자,"기계공학과, 기계설계공학과, 산업공학과, 전기공학과, 전기전자공학과",산업안전산업기사,T412,153
83,산업공학기술자,"기계공학과, 기계설계공학과, 산업공학과, 전기공학과, 전기전자공학과",산업안전기사,T411,154
83,산업공학기술자,"기계공학과, 기계설계공학과, 산업공학과, 전기공학과, 전기전자공학과",산업안전지도사(건설안전),S146,155
83,산업공학기술자,"기계공학과, 기계설계공학과, 산업공학과, 전기공학과, 전기전자공학과",산업안전지도사(기계안전),S148,156
83,산업공학기술자,"기계공학과, 기계설계공학과, 산업공학과, 전기공학과, 전기전자공학과",산업안전지도사(전기안전),S150,157
83,산업공학기술자,"기계공학과, 기계설계공학과, 산업공학과, 전기공학과, 전기전자공학과",산업안전지도사(화공안전),S152,158
84,산업안전관리원,"산업안전과, 안전공학과",기계안전기술사,T291,159
84,산업안전관리원,"산업안전과, 안전공학과",건설안전산업기사,T210,160
84,산업안전관리원,"산업안전과, 안전공학과",건설안전기사,T208,161
84,산업안전관리원,"산업안전과, 안전공학과",건설안전기술사,T209,162
84,산업안전관리원,"산업안전과, 안전공학과",산업위생관리기사,T413,163
84,산업안전관리원,"산업안전과, 안전공학과",산업위생관리기술사,T414,164
84,산업안전관리원,"산업안전과, 안전공학과",산업안전산업기사,T412,165
84,산업안전관리원,"산업안전과, 안전공학과",산업안전기사,T411,166
85,상ㆍ하수도 처리장치 조작원,"화학공업과, 환경공업과, 환경과학과",수질환경산업기사,T461,167
85,상ㆍ하수도 처리장치 조작원,"화학공업과, 환경공업과, 환경과학과",수질환경기사,T460,168
85,상ㆍ하수도 처리장치 조작원,"화학공업과, 환경공업과, 환경과학과",환경기능사,T186,169
86,생물공학연구원,"생명공학과, 생명과학과",바이오화학제품제조산업기사,T351,170
86,생물공학연구원,"생명공학과, 생명과학과",바이오화학제품제조기사,T350,171
87,석공,,국가유산수리기능자(가공각공),S044,172
87,석공,,국가유산수리기능자(석조각공),S053,173
87,석공,,국가유산수리기능자(쌓기석공),S058,174
87,석공,,석공예기능사,T423,175
87,석공,,석공기능사,T422,176
88,석유화학기술자,"기계과, 화학공업과, 화학공학과, 화학과",화학분석기능사,T180,177
88,석유화학기술자,"기계과, 화학공업과, 화학공학과, 화학과",화공기사,T168,178
88,석유화학기술자,"기계과, 화학공업과, 화학공학과, 화학과",가스기능사,T192,179
88,석유화학기술자,"기계과, 화학공업과, 화학공학과, 화학과",가스산업기사,T196,180
88,석유화학기술자,"기계과, 화학공업과, 화학공학과, 화학과",가스기사,T194,181
90,조선공학기술자,"기계공학과, 조선공학과",조선산업기사,T012,182
90,조선공학기술자,"기계공학과, 조선공학과",조선기사,,183
90,조선공학기술자,"기계공학과, 조선공학과",선체건조기능사,T425,184
92,선박정비원,"기계공학과, 기계과",동력기계정비기능사,,185
97,시멘트제조원,,,,186
98,신경회로망연구원,"기계공학과, 재료공학과, 전기공학과, 전자공학과, 컴퓨터공학과",,,187
100,압연원,,압연기능장,T503,188
101,영사기사,"방송영상과, 방송제작과, 연극영화과, 연극영화학과, 영상제작과, 전자공학과, 정보통신공학과",영사기능사,T523,189
101,영사기사,"방송영상과, 방송제작과, 연극영화과, 연극영화학과, 영상제작과, 전자공학과, 정보통신공학과",영사산업기사,T524,190
102,용접원,"금속공학과, 기계공학과, 기계과, 기계설계공학과, 제철금속과",특수용접기능사,,191
102,용접원,"금속공학과, 기계공학과, 기계과, 기계설계공학과, 제철금속과",특수용접기능사,,192
102,용접원,"금속공학과, 기계공학과, 기계과, 기계설계공학과, 제철금속과",용접산업기사,T533,193
102,용접원,"금속공학과, 기계공학과, 기계과, 기계설계공학과, 제철금속과",용접기능장,T530,194
102,용접원,"금속공학과, 기계공학과, 기계과, 기계설계공학과, 제철금속과",용접기사,T531,195
102,용접원,"금속공학과, 기계공학과, 기계과, 기계설계공학과, 제철금속과",용접기술사,T532,196
104,원자력연구원,원자력공학과,원자력발전기술사,T538,197
104,원자력연구원,원자력공학과,원자력기사,T537,198
104,원자력연구원,원자력공학과,핵연료물질취급자면허,S253,199
106,유리제품제조원,"기계과, 세라믹공학과, 재료공학과",,,200
107,인공위성개발원,"우주과학과, 항공우주공학과",,,201
108,인쇄기조작원,미디어출판과,디지털인쇄산업기사,T327,202
108,인쇄기조작원,미디어출판과,사진제판기능사,,203
109,자동차정비원,"기계공학과, 기계과, 자동차공학과, 자동차과, 자동차정비과, 전기전자공학과, 전기전자과, 전기제어공학과, 전자공학과, 제어계측공학과, 제어계측과",자동차차체수리기능사,T589,204
109,자동차정비원,"기계공학과, 기계과, 자동차공학과, 자동차과, 자동차정비과, 전기전자공학과, 전기전자과, 전기제어공학과, 전자공학과, 제어계측공학과, 제어계측과",자동차정비기능사,T585,205
109,자동차정비원,"기계공학과, 기계과, 자동차공학과, 자동차과, 자동차정비과, 전기전자공학과, 전기전자과, 전기제어공학과, 전자공학과, 제어계측공학과, 제어계측과",자동차정비산업기사,T588,206
109,자동차정비원,"기계공학과, 기계과, 자동차공학과, 자동차과, 자동차정비과, 전기전자공학과, 전기전자과, 전기제어공학과, 전자공학과, 제어계측공학과, 제어계측과",자동차정비기능장,T586,207
109,자동차정비원,"기계공학과, 기계과, 자동차공학과, 자동차과, 자동차정비과, 전기전자공학과, 전기전자과, 전기제어공학과, 전자공학과, 제어계측공학과, 제어계측과",자동차정비기사,T587,208
110,자동차조립원,"자동차공학과, 자동차정비과",자동차정비기능사,T585,209
110,자동차조립원,"자동차공학과, 자동차정비과",자동차정비산업기사,T588,210
110,자동차조립원,"자동차공학과, 자동차정비과",자동차정비기사,T587,211
112,재료공학기술자,"금속공학과, 신소재공학과, 신소재응용과, 재료공학과, 재료과, 제철금속과",금속재료시험기능사,T277,212
112,재료공학기술자,"금속공학과, 신소재공학과, 신소재응용과, 재료공학과, 재료과, 제철금속과",금속재료산업기사,T276,213
112,재료공학기술자,"금속공학과, 신소재공학과, 신소재응용과, 재료공학과, 재료과, 제철금속과",금속재료기능장,T272,214
112,재료공학기술자,"금속공학과, 신소재공학과, 신소재응용과, 재료공학과, 재료과, 제철금속과",금속재료기술사,T275,215
112,재료공학기술자,"금속공학과, 신소재공학과, 신소재응용과, 재료공학과, 재료과, 제철금속과",표면처리산업기사,T127,216
112,재료공학기술자,"금속공학과, 신소재공학과, 신소재응용과, 재료공학과, 재료과, 제철금속과",표면처리기능장,T125,217
112,재료공학기술자,"금속공학과, 신소재공학과, 신소재응용과, 재료공학과, 재료과, 제철금속과",표면처리기술사,T126,218
112,재료공학기술자,"금속공학과, 신소재공학과, 신소재응용과, 재료공학과, 재료과, 제철금속과",금속가공기술사,T270,219
113,전공,"전기공학과, 전기과, 전기전자공학과",건축전기설비기술사,T230,220
113,전공,"전기공학과, 전기과, 전기전자공학과",전기공사산업기사,T603,221
113,전공,"전기공학과, 전기과, 전기전자공학과",전기공사기사,T602,222
113,전공,"전기공학과, 전기과, 전기전자공학과",전기산업기사,T609,223
113,전공,"전기공학과, 전기과, 전기전자공학과",전기기사,T607,224
114,전기공학기술자,"전기공학과, 전기과, 전기전자공학과, 전기제어공학과",전기철도기사,T612,225
114,전기공학기술자,"전기공학과, 전기과, 전기전자공학과, 전기제어공학과",건축전기설비기술사,T230,226
114,전기공학기술자,"전기공학과, 전기과, 전기전자공학과, 전기제어공학과",전기응용기술사,T611,227
114,전기공학기술자,"전기공학과, 전기과, 전기전자공학과, 전기제어공학과",전기철도기술사,T613,228
114,전기공학기술자,"전기공학과, 전기과, 전기전자공학과, 전기제어공학과",전기공사산업기사,T603,229
114,전기공학기술자,"전기공학과, 전기과, 전기전자공학과, 전기제어공학과",전기공사기사,T602,230
114,전기공학기술자,"전기공학과, 전기과, 전기전자공학과, 전기제어공학과",전기기능사,T605,231
114,전기공학기술자,"전기공학과, 전기과, 전기전자공학과, 전기제어공학과",전기기능장,T606,232
114,전기공학기술자,"전기공학과, 전기과, 전기전자공학과, 전기제어공학과",전기산업기사,T609,233
114,전기공학기술자,"전기공학과, 전기과, 전기전자공학과, 전기제어공학과",전기기사,T607,234
114,전기공학기술자,"전기공학과, 전기과, 전기전자공학과, 전기제어공학과",전기안전기술사,T610,235
114,전기공학기술자,"전기공학과, 전기과, 전기전자공학과, 전기제어공학과",전기철도산업기사,T614,236
119,전자공학기술자,"전기과, 전기전자공학과, 전기전자과, 전자공학과, 전자과",산업계측제어기술사,T409,237
119,전자공학기술자,"전기과, 전기전자공학과, 전기전자과, 전자공학과, 전자과",전자산업기사,T635,238
119,전자공학기술자,"전기과, 전기전자공학과, 전기전자과, 전자공학과, 전자과",전자기사,T632,239
119,전자공학기술자,"전기과, 전기전자공학과, 전기전자과, 전자공학과, 전자과",전자기능장,T631,240
119,전자공학기술자,"전기과, 전기전자공학과, 전기전자과, 전자공학과, 전자과",전자응용기술사,T639,241
119,전자공학기술자,"전기과, 전기전자공학과, 전기전자과, 전자공학과, 전자과",전자계산기기사,T625,242
119,전자공학기술자,"전기과, 전기전자공학과, 전기전자과, 전자공학과, 전자과",컴퓨터시스템응용기술사,T084,243
119,전자공학기술자,"전기과, 전기전자공학과, 전기전자과, 전자공학과, 전자과",전자계산기제어산업기사,T627,244
119,전자공학기술자,"전기과, 전기전자공학과, 전기전자과, 전자공학과, 전자과",반도체설계기사,,245
119,전자공학기술자,"전기과, 전기전자공학과, 전기전자과, 전자공학과, 전자과",전자회로설계산업기사,,246
120,전자장비설치 및 수리원,"기계과, 전기전자공학과, 전자과",전자산업기사,T635,247
120,전자장비설치 및 수리원,"기계과, 전기전자공학과, 전자과",전자기사,T632,248
121,전화설치 및 수리원,"전기과, 전기전자과, 전자과, 정보통신과",정보통신산업기사,T656,249
121,전화설치 및 수리원,"전기과, 전기전자과, 전자과, 정보통신과",정보통신기사,T654,250
121,전화설치 및 수리원,"전기과, 전기전자과, 전자과, 정보통신과",정보통신기술사,T655,251
122,정밀기기제품제조원,,광학기능사,,252
122,정밀기기제품제조원,,광학기사,T253,253
125,캐드원,"건축공학과, 건축과, 건축학과, 섬유공학과, 컴퓨터공학과, 토목공학과",전산응용건축제도기능사,T616,254
125,캐드원,"건축공학과, 건축과, 건축학과, 섬유공학과, 컴퓨터공학과, 토목공학과",건축산업기사,T223,255
125,캐드원,"건축공학과, 건축과, 건축학과, 섬유공학과, 컴퓨터공학과, 토목공학과",건축기사,T217,256
125,캐드원,"건축공학과, 건축과, 건축학과, 섬유공학과, 컴퓨터공학과, 토목공학과",실내건축기능사,T498,257
125,캐드원,"건축공학과, 건축과, 건축학과, 섬유공학과, 컴퓨터공학과, 토목공학과",실내건축산업기사,T500,258
125,캐드원,"건축공학과, 건축과, 건축학과, 섬유공학과, 컴퓨터공학과, 토목공학과",실내건축기사,T499,259
125,캐드원,"건축공학과, 건축과, 건축학과, 섬유공학과, 컴퓨터공학과, 토목공학과",전산응용조선제도기능사,,260
125,캐드원,"건축공학과, 건축과, 건축학과, 섬유공학과, 컴퓨터공학과, 토목공학과",토목산업기사,T099,261
125,캐드원,"건축공학과, 건축과, 건축학과, 섬유공학과, 컴퓨터공학과, 토목공학과",토목기사,T097,262
125,캐드원,"건축공학과, 건축과, 건축학과, 섬유공학과, 컴퓨터공학과, 토목공학과",전산응용기계제도기능사,T618,263
125,캐드원,"건축공학과, 건축과, 건축학과, 섬유공학과, 컴퓨터공학과, 토목공학과",기계설계산업기사,T290,264
125,캐드원,"건축공학과, 건축과, 건축학과, 섬유공학과, 컴퓨터공학과, 토목공학과",가구설계제도사,,265
125,캐드원,"건축공학과, 건축과, 건축학과, 섬유공학과, 컴퓨터공학과, 토목공학과",전산응용토목제도기능사,T620,266
126,단순노무자,,,,267
127,주조원,"금속공학과, 신소재공학과, 재료공학과",주조기능장,T022,268
127,주조원,"금속공학과, 신소재공학과, 재료공학과",주조기능사,T021,269
127,주조원,"금속공학과, 신소재공학과, 재료공학과",원형기능사,,270
127,주조원,"금속공학과, 신소재공학과, 재료공학과",열처리기능사,T520,271
129,직조원,,염색기능사(침염),T522,272
131,철골공,,특수용접기능사,,273
131,철골공,,용접기능장,T530,274
131,철골공,,용접기사,T531,275
131,철골공,,용접기술사,T532,276
132,철도 및 지하철기관사,"기계공학과, 기계과, 전기공학과, 전기과, 전기전자공학과, 전기전자과, 제어계측공학과, 제어계측과, 철도교통과, 철도운전과, 철도전기제어과",,,277
133,철도차량정비원,"철도교통과, 철도운전과, 철도전기제어과",철도차량산업기사,T042,278
133,철도차량정비원,"철도교통과, 철도운전과, 철도전기제어과",철도차량정비기능사,T054,279
137,토목공학기술자,"토목공학과, 토목과",토목산업기사,T099,280
137,토목공학기술자,"토목공학과, 토목과",토목구조기술사,T096,281
137,토목공학기술자,"토목공학과, 토목과",토목시공기술사,T100,282
137,토목공학기술자,"토목공학과, 토목과",토질및기초기술사,T106,283
137,토목공학기술자,"토목공학과, 토목과",토목품질시험기술사,T101,284
137,토목공학기술자,"토목공학과, 토목과",도로및공항기술사,T318,285
137,토목공학기술자,"토목공학과, 토목과",철도기술사,T041,286
137,토목공학기술자,"토목공학과, 토목과",수자원개발기술사,T456,287
137,토목공학기술자,"토목공학과, 토목과",측량및지형공간정보기술사,T069,288
137,토목공학기술자,"토목공학과, 토목과",농어업토목기술사,T306,289
138,통신공학 기술자 및 연구원,"전기공학과, 전기전자공학과, 전기제어공학과, 전자공학과, 정보통신공학과, 정보통신과",정보통신산업기사,T656,290
138,통신공학 기술자 및 연구원,"전기공학과, 전기전자공학과, 전기제어공학과, 전자공학과, 정보통신공학과, 정보통신과",정보통신기사,T654,291
138,통신공학 기술자 및 연구원,"전기공학과, 전기전자공학과, 전기제어공학과, 전자공학과, 정보통신공학과, 정보통신과",통신설비기능장,T108,292
138,통신공학 기술자 및 연구원,"전기공학과, 전기전자공학과, 전기제어공학과, 전자공학과, 정보통신공학과, 정보통신과",정보통신기술사,T655,293
138,통신공학 기술자 및 연구원,"전기공학과, 전기전자공학과, 전기제어공학과, 전자공학과, 정보통신공학과, 정보통신과",전파전자통신산업기사,T668,294
138,통신공학 기술자 및 연구원,"전기공학과, 전기전자공학과, 전기제어공학과, 전자공학과, 정보통신공학과, 정보통신과",전파전자통신기사,T642,295
138,통신공학 기술자 및 연구원,"전기공학과, 전기전자공학과, 전기제어공학과, 전자공학과, 정보통신공학과, 정보통신과",방송통신산업기사,T363,296
138,통신공학 기술자 및 연구원,"전기공학과, 전기전자공학과, 전기제어공학과, 전자공학과, 정보통신공학과, 정보통신과",방송통신기사,T362,297
139,통신케이블설치 및 수리원,"전기과, 전기전자과, 전자과, 정보통신과",정보통신산업기사,T656,298
139,통신케이블설치 및 수리원,"전기과, 전기전자과, 전자과, 정보통신과",정보통신기사,T654,299
139,통신케이블설치 및 수리원,"전기과, 전기전자과, 전자과, 정보통신과",정보통신기술사,T655,300
140,통신장비기사,"스마트정보과, 정보통신공학과, 정보통신과, 컴퓨터공학과, 컴퓨터소프트웨어과, 컴퓨터응용기계과",전기기능사,T605,301
140,통신장비기사,"스마트정보과, 정보통신공학과, 정보통신과, 컴퓨터공학과, 컴퓨터소프트웨어과, 컴퓨터응용기계과",전기기능장,T606,302
140,통신장비기사,"스마트정보과, 정보통신공학과, 정보통신과, 컴퓨터공학과, 컴퓨터소프트웨어과, 컴퓨터응용기계과",전기산업기사,T609,303
140,통신장비기사,"스마트정보과, 정보통신공학과, 정보통신과, 컴퓨터공학과, 컴퓨터소프트웨어과, 컴퓨터응용기계과",전기기사,T607,304
140,통신장비기사,"스마트정보과, 정보통신공학과, 정보통신과, 컴퓨터공학과, 컴퓨터소프트웨어과, 컴퓨터응용기계과",전자기사,T632,305
140,통신장비기사,"스마트정보과, 정보통신공학과, 정보통신과, 컴퓨터공학과, 컴퓨터소프트웨어과, 컴퓨터응용기계과",통신기기기능사,T659,306
142,트럭운전기사,,자동차운전면허 1종,,307
143,판금원,기계과,판금제관기능장,T111,308
144,펄프 및 종이 생산직,,임산가공산업기사,,309
144,펄프 및 종이 생산직,,임산가공기사,T574,310
144,펄프 및 종이 생산직,,임산가공기능사,,311
145,재활용 처리 및 소각로 조작원,"보건환경과, 환경공업과, 환경시스템과, 환경화학과",대기환경산업기사,T317,312
145,재활용 처리 및 소각로 조작원,"보건환경과, 환경공업과, 환경시스템과, 환경화학과",대기환경기사,T316,313
145,재활용 처리 및 소각로 조작원,"보건환경과, 환경공업과, 환경시스템과, 환경화학과",폐기물처리산업기사,T119,314
145,재활용 처리 및 소각로 조작원,"보건환경과, 환경공업과, 환경시스템과, 환경화학과",폐기물처리기사,T117,315
145,재활용 처리 및 소각로 조작원,"보건환경과, 환경공업과, 환경시스템과, 환경화학과",폐기물처리기술사,T118,316
145,재활용 처리 및 소각로 조작원,"보건환경과, 환경공업과, 환경시스템과, 환경화학과",환경기능사,T186,317
147,플라스틱제품제조원,"기계과, 화학공업과, 화학과",,,318
148,항공교통관제사,"교통공학과, 기계공학과, 기계과, 정보통신공학과, 정보통신과, 컴퓨터공학과, 항공우주공학과",항공교통관제사,S350,319
149,항공기정비원,"기계공학과, 기계과, 전기공학과, 전기과, 전기제어공학과, 제어계측공학과, 제어계측과, 항공우주공학과, 항공정비과",항공기체기술사,T153,320
149,항공기정비원,"기계공학과, 기계과, 전기공학과, 전기과, 전기제어공학과, 제어계측공학과, 제어계측과, 항공우주공학과, 항공정비과",항공기관기술사,T150,321
149,항공기정비원,"기계공학과, 기계과, 전기공학과, 전기과, 전기제어공학과, 제어계측공학과, 제어계측과, 항공우주공학과, 항공정비과",항공기관정비기능사,,322
149,항공기정비원,"기계공학과, 기계과, 전기공학과, 전기과, 전기제어공학과, 제어계측공학과, 제어계측과, 항공우주공학과, 항공정비과",항공장비정비기능사,,323
149,항공기정비원,"기계공학과, 기계과, 전기공학과, 전기과, 전기제어공학과, 제어계측공학과, 제어계측과, 항공우주공학과, 항공정비과",항공전자정비기능사,,324
149,항공기정비원,"기계공학과, 기계과, 전기공학과, 전기과, 전기제어공학과, 제어계측공학과, 제어계측과, 항공우주공학과, 항공정비과",항공기체정비기능사,,325
149,항공기정비원,"기계공학과, 기계과, 전기공학과, 전기과, 전기제어공학과, 제어계측공학과, 제어계측과, 항공우주공학과, 항공정비과",항공기정비기능사,T152,326
150,비행기조종사,"기계공학과, 기계과, 제어계측공학과, 제어계측과, 항공우주공학과, 항공운항학과",사업용조종사,S137,327
150,비행기조종사,"기계공학과, 기계과, 제어계측공학과, 제어계측과, 항공우주공학과, 항공운항학과",운송용조종사,S185,328
150,비행기조종사,"기계공학과, 기계과, 제어계측공학과, 제어계측과, 항공우주공학과, 항공운항학과",자가용조종사,S204,329
151,항공우주공학기술자,항공우주공학과,항공기사,T151,330
151,항공우주공학기술자,항공우주공학과,항공기체기술사,T153,331
151,항공우주공학기술자,항공우주공학과,항공기관기술사,T150,332
153,화학제품제조원,화학공학과,화약류제조산업기사,T176,333
153,화학제품제조원,화학공학과,화약류제조기사,T175,334
153,화학제품제조원,화학공학과,화공기사,T168,335
153,화학제품제조원,화학공학과,화약류관리산업기사,T174,336
153,화학제품제조원,화학공학과,화약류관리기사,T172,337
153,화학제품제조원,화학공학과,화약류관리기술사,T173,338
155,바닥재시공원,"건축공학과, 금형설계과, 산업설비자동화과",타일기능사,T094,339
157,반도체공학기술자,"반도체학과, 신소재공학과, 전기공학과, 전기전자공학과, 전자공학과",반도체설계산업기사T353,,340
159,"가구제조,수리원",,가구제작기능사,T190,341
159,"가구제조,수리원",,목공예기능사,T337,342
162,식품공학기술자,"생명과학과, 식품가공과, 식품공학과, 식품영양과, 식품영양학과, 식품조리과, 조리과학과",영양사,S181,343
162,식품공학기술자,"생명과학과, 식품가공과, 식품공학과, 식품영양과, 식품영양학과, 식품조리과, 조리과학과",위생사,S188,344
162,식품공학기술자,"생명과학과, 식품가공과, 식품공학과, 식품영양과, 식품영양학과, 식품조리과, 조리과학과",식품산업기사,T487,345
162,식품공학기술자,"생명과학과, 식품가공과, 식품공학과, 식품영양과, 식품영양학과, 식품조리과, 조리과학과",식품기사,,346
162,식품공학기술자,"생명과학과, 식품가공과, 식품공학과, 식품영양과, 식품영양학과, 식품조리과, 조리과학과",식품기술사,T486,347
163,도축원 및 육류가공원,동물자원학과,,,348
164,양장사 및 양복사,"섬유디자인과, 섬유디자인학과, 의류ㆍ의상학과, 패션디자인과",양복기능사,,349
164,양장사 및 양복사,"섬유디자인과, 섬유디자인학과, 의류ㆍ의상학과, 패션디자인과",양장기능사,,350
165,설문조사원,"경영학과, 교육학과, 통계학과, 행정학과",사회조사분석사1급,T400,351
165,설문조사원,"경영학과, 교육학과, 통계학과, 행정학과",사회조사분석사2급,T401,352
166,세탁원,,세탁기능사,T436,353
167,소믈리에,"관광경영과, 관광경영학과, 식품영양학과, 식품조리과, 외식산업과, 외식산업학과, 호텔경영과",,,354
169,영양사,"식품가공과, 식품공학과, 식품영양과, 식품영양학과, 식품조리과",영양사,S181,355
171,전통식품제조원,"식품영양과, 식품영양학과, 식품조리과, 전통조리과, 조리과학과",한식조리기능사,T147,356
171,전통식품제조원,"식품영양과, 식품영양학과, 식품조리과, 전통조리과, 조리과학과",조리기능장,T009,357
172,제과사 및 제빵사,"식품가공과, 식품영양과, 식품영양학과, 식품조리과, 제과제빵과, 호텔조리과",제과기능사,T660,358
172,제과사 및 제빵사,"식품가공과, 식품영양과, 식품영양학과, 식품조리과, 제과제빵과, 호텔조리과",제과기능장,T661,359
172,제과사 및 제빵사,"식품가공과, 식품영양과, 식품영양학과, 식품조리과, 제과제빵과, 호텔조리과",제빵기능사,T664,360
173,조리사 및 주방장,"식품영양과, 식품영양학과, 식품조리과, 외식조리과, 전통조리과, 조리과학과, 호텔조리과",한식조리기능사,T147,361
173,조리사 및 주방장,"식품영양과, 식품영양학과, 식품조리과, 외식조리과, 전통조리과, 조리과학과, 호텔조리과",양식조리기능사,T504,362
173,조리사 및 주방장,"식품영양과, 식품영양학과, 식품조리과, 외식조리과, 전통조리과, 조리과학과, 호텔조리과",중식조리기능사,T024,363
173,조리사 및 주방장,"식품영양과, 식품영양학과, 식품조리과, 외식조리과, 전통조리과, 조리과학과, 호텔조리과",일식조리기능사,T569,364
173,조리사 및 주방장,"식품영양과, 식품영양학과, 식품조리과, 외식조리과, 전통조리과, 조리과학과, 호텔조리과",복어조리기능사,T379,365
173,조리사 및 주방장,"식품영양과, 식품영양학과, 식품조리과, 외식조리과, 전통조리과, 조리과학과, 호텔조리과",조리기능장,T009,366
173,조리사 및 주방장,"식품영양과, 식품영양학과, 식품조리과, 외식조리과, 전통조리과, 조리과학과, 호텔조리과",한식조리산업기사,T148,367
174,가축사육자,"농수산과, 농업경제학과, 농업교육과, 축산과",가축인공수정사,S006,368
174,가축사육자,"농수산과, 농업경제학과, 농업교육과, 축산과",축산기능사,T063,369
174,가축사육자,"농수산과, 농업경제학과, 농업교육과, 축산과",축산산업기사,T066,370
174,가축사육자,"농수산과, 농업경제학과, 농업교육과, 축산과",축산기술사,T065,371
174,가축사육자,"농수산과, 농업경제학과, 농업교육과, 축산과",축산기사,T064,372
175,한복사,의류ㆍ의상학과,한복기능사,T143,373
175,한복사,의류ㆍ의상학과,한복산업기사,,374
176,선장 및 항해사,"기계공학과, 기계과, 항해학과, 해양공학과, 해양시스템학과",기관사 2급,S082,375
176,선장 및 항해사,"기계공학과, 기계과, 항해학과, 해양공학과, 해양시스템학과",기관사 1급,S081,376
176,선장 및 항해사,"기계공학과, 기계과, 항해학과, 해양공학과, 해양시스템학과",소형선박조종사,S162,377
176,선장 및 항해사,"기계공학과, 기계과, 항해학과, 해양공학과, 해양시스템학과",운항사,S187,378
176,선장 및 항해사,"기계공학과, 기계과, 항해학과, 해양공학과, 해양시스템학과",항해사,S249,379
176,선장 및 항해사,"기계공학과, 기계과, 항해학과, 해양공학과, 해양시스템학과",통신기기기능사,T659,380
177,푸드스타일리스트,"식품영양과, 식품영양학과, 식품조리과, 외식조리과, 푸드스타일링과",,,381
178,쇼핑호스트,"국어국문학과, 방송영상과, 사회학과, 신문방송학과, 언론홍보학과, 연극영화과, 연극영화학과",,,382
179,체형관리사,"사회체육과, 사회체육학과, 식품영양과, 식품영양학과",생활체육지도사,M215,383
179,체형관리사,"사회체육과, 사회체육학과, 식품영양과, 식품영양학과",영양사,S181,384
180,바리스타,식품조리과,,,385
182,농업기술자,"농공학과, 농수산과, 농업경제학과",농업기계산업기사,T308,386
182,농업기술자,"농공학과, 농수산과, 농업경제학과",농업기계기사,T307,387
182,농업기술자,"농공학과, 농수산과, 농업경제학과",종자기능사,T017,388
182,농업기술자,"농공학과, 농수산과, 농업경제학과",종자산업기사,T020,389
182,농업기술자,"농공학과, 농수산과, 농업경제학과",종자기사,T018,390
182,농업기술자,"농공학과, 농수산과, 농업경제학과",종자기술사,T019,391
182,농업기술자,"농공학과, 농수산과, 농업경제학과",축산기능사,T063,392
182,농업기술자,"농공학과, 농수산과, 농업경제학과",축산산업기사,T066,393
182,농업기술자,"농공학과, 농수산과, 농업경제학과",축산기술사,T065,394
182,농업기술자,"농공학과, 농수산과, 농업경제학과",농화학기술사,T311,395
182,농업기술자,"농공학과, 농수산과, 농업경제학과",축산기사,T064,396
182,농업기술자,"농공학과, 농수산과, 농업경제학과",유기농업기사,T546,397
183,곡식작물재배자,"농수산과, 식물자원학과",농기계정비기능사,T302,398
183,곡식작물재배자,"농수산과, 식물자원학과",농기계운전기능사,T301,399
183,곡식작물재배자,"농수산과, 식물자원학과",농업기계산업기사,T308,400
183,곡식작물재배자,"농수산과, 식물자원학과",농업기계기사,T307,401
186,동물조련사,"바이오동물과, 반려동물과",가축인공수정사,S006,402
186,동물조련사,"바이오동물과, 반려동물과",축산기능사,T063,403
186,동물조련사,"바이오동물과, 반려동물과",축산산업기사,T066,404
186,동물조련사,"바이오동물과, 반려동물과",축산기술사,T065,405
186,동물조련사,"바이오동물과, 반려동물과",수의사,,406
186,동물조련사,"바이오동물과, 반려동물과",축산기사,T064,407
187,양식원,,어로산업기사,T508,408
187,양식원,,어로기술사,,409
187,양식원,,수산양식산업기사,T453,410
187,양식원,,수산양식기사,T451,411
187,양식원,,수산양식기술사,T452,412
187,양식원,,어업생산관리기사,T511,413
189,연근해 어부 및 해녀,,잠수산업기사,T600,414
189,연근해 어부 및 해녀,,어로산업기사,T508,415
189,연근해 어부 및 해녀,,어업기술사,T510,416
189,연근해 어부 및 해녀,,잠수기능사,T598,417
189,연근해 어부 및 해녀,,어업생산관리기사,T511,418
190,유제품제조원,,,,419
192,조경원,"조경과, 조경학과, 환경디자인과, 환경디자인학과, 환경조각학과",조경기능사,T005,420
192,조경원,"조경과, 조경학과, 환경디자인과, 환경디자인학과, 환경조각학과",조경산업기사,T008,421
192,조경원,"조경과, 조경학과, 환경디자인과, 환경디자인학과, 환경조각학과",조경기사,T006,422
192,조경원,"조경과, 조경학과, 환경디자인과, 환경디자인학과, 환경조각학과",조경기술사,T007,423
193,조경기술자,"조경과, 조경학과",조경기능사,T005,424
193,조경기술자,"조경과, 조경학과",조경산업기사,T008,425
193,조경기술자,"조경과, 조경학과",조경기사,T006,426
193,조경기술자,"조경과, 조경학과",조경기술사,T007,427
195,해양수산기술자,"해양공학과, 해양자원학과",어로산업기사,T508,428
195,해양수산기술자,"해양공학과, 해양자원학과",어업기술사,T510,429
195,해양수산기술자,"해양공학과, 해양자원학과",수산제조기사,T454,430
195,해양수산기술자,"해양공학과, 해양자원학과",수산제조기술사,T455,431
195,해양수산기술자,"해양공학과, 해양자원학과",수산양식기능사,T450,432
195,해양수산기술자,"해양공학과, 해양자원학과",수산양식산업기사,T453,433
195,해양수산기술자,"해양공학과, 해양자원학과",수산양식기사,T451,434
195,해양수산기술자,"해양공학과, 해양자원학과",수산양식기술사,T452,435
195,해양수산기술자,"해양공학과, 해양자원학과",식품산업기사,T487,436
195,해양수산기술자,"해양공학과, 해양자원학과",어업생산관리기사,T511,437
198,감정평가사,"경제학과, 고고학과, 금속공학과, 기계공학과, 도시계획학과, 도시공학과, 문화인류학과, 문화재과, 반도체학과, 법학과, 부동산과, 부동산학과, 사학과, 산업공학과, 세라믹공학과, 신소재공학과, 재료공학과, 지역개발학과, 회계학과",감정평가사,S008,438
199,검사,법학과,변호사,S275,439
201,상품중개인,"경영학과, 경제학과, 법학과, 유통경영과",경매사(수산),S016,440
201,상품중개인,"경영학과, 경제학과, 법학과, 유통경영과",경매사(약물),S017,441
201,상품중개인,"경영학과, 경제학과, 법학과, 유통경영과",경매사(양곡),S018,442
201,상품중개인,"경영학과, 경제학과, 법학과, 유통경영과",경매사(청과),S019,443
201,상품중개인,"경영학과, 경제학과, 법학과, 유통경영과",경매사(축산),S020,444
201,상품중개인,"경영학과, 경제학과, 법학과, 유통경영과",경매사(화훼),S021,445
202,경영컨설턴트,"경영학과, 경제학과, 교육학과, 국제통상학과, 무역학과, 법학과, 산업공학과, 세무학과, 심리학과, 회계학과",경영지도사(마케팅),S023,446
202,경영컨설턴트,"경영학과, 경제학과, 교육학과, 국제통상학과, 무역학과, 법학과, 산업공학과, 세무학과, 심리학과, 회계학과",경영지도사(생산관리),S024,447
202,경영컨설턴트,"경영학과, 경제학과, 교육학과, 국제통상학과, 무역학과, 법학과, 산업공학과, 세무학과, 심리학과, 회계학과",경영지도사(인적자원관리),S025,448
202,경영컨설턴트,"경영학과, 경제학과, 교육학과, 국제통상학과, 무역학과, 법학과, 산업공학과, 세무학과, 심리학과, 회계학과",경영지도사(재무관리),S026,449
202,경영컨설턴트,"경영학과, 경제학과, 교육학과, 국제통상학과, 무역학과, 법학과, 산업공학과, 세무학과, 심리학과, 회계학과",기술지도사(정보기술관리),S091,450
202,경영컨설턴트,"경영학과, 경제학과, 교육학과, 국제통상학과, 무역학과, 법학과, 산업공학과, 세무학과, 심리학과, 회계학과",기술지도사(기술혁신관리),S088,451
203,경제학연구원,"경제학과, 농업경제학과",,,452
205,노무사,"경영학과, 경제학과, 법학과, 사회학과, 심리학과, 행정학과",공인노무사,S028,453
206,회계사,"경영학과, 경제학과, 금융경영과, 금융보험학과, 세무학과, 회계학과",공인회계사,S030,454
207,관세사,"경영학과, 경제학과, 독어독문학과, 러시아어문학과, 무역학과, 법학과, 불어불문학과, 세무학과, 세무회계과, 수학과, 스페인어학과, 영어과, 영어영문학과, 영어학과, 유럽ㆍ기타어과, 일본어과, 일어일문학과, 중국어과, 중어중문학과, 통계학과, 회계학과",관세사,S043,455
208,국제무역사무원,"경영학과, 경제학과, 무역학과",물류관리사,S114,456
208,국제무역사무원,"경영학과, 경제학과, 무역학과",검량사,S014,457
208,국제무역사무원,"경영학과, 경제학과, 무역학과",검수사,S015,458
209,국제회의전문가,"경영학과, 관광경영학과",컨벤션기획사2급,T076,459
209,국제회의전문가,"경영학과, 관광경영학과",컨벤션기획사,,460
211,농수산물중개인,"경영학과, 무역학과, 산업경영학과, 유통경영과, 유통학과",경매사,,461
212,도시 및 교통설계전문가,"도시계획학과, 도시공학과, 지역개발학과",도시계획기사,T321,462
212,도시 및 교통설계전문가,"도시계획학과, 도시공학과, 지역개발학과",도시계획기술사,T323,463
214,바이어(구매인),"경영학과, 경제학과, 마케팅경영과, 무역학과, 유통학과",물류관리사,S114,464
214,바이어(구매인),"경영학과, 경제학과, 마케팅경영과, 무역학과, 유통학과",유통관리사 1급,S189,465
214,바이어(구매인),"경영학과, 경제학과, 마케팅경영과, 무역학과, 유통학과",유통관리사 2급,S190,466
214,바이어(구매인),"경영학과, 경제학과, 마케팅경영과, 무역학과, 유통학과",유통관리사 3급,S191,467
215,물류관리사,"무역학과, 물류시스템공학과, 유통경영과, 유통학과",물류관리사,S114,468
215,물류관리사,"무역학과, 물류시스템공학과, 유통경영과, 유통학과",유통관리사 1급,S189,469
215,물류관리사,"무역학과, 물류시스템공학과, 유통경영과, 유통학과",유통관리사 2급,S190,470
215,물류관리사,"무역학과, 물류시스템공학과, 유통경영과, 유통학과",유통관리사 3급,S191,471
217,보험계리인,"경영학과, 경제학과, 금융경영과, 금융보험학과, 법학과, 세무학과, 수학과, 통계학과, 회계학과",보험계리사,S133,472
219,부동산중개인,"경영학과, 경제학과, 법학과, 부동산과, 부동산학과, 세무학과",공인중개사,S029,473
222,생활설계사,"금융경영과, 금융보험학과",보험중개사,S135,474
223,선물중개인,"경영학과, 경제학과",,,475
224,세무사,"경영학과, 경제학과, 법학과, 세무학과, 세무회계과, 수학과, 통계학과, 회계학과",세무사,S156,476
226,손해사정사,"경영학과, 경영회계정보과, 금융경영과, 금융보험학과, 법학과, 세무학과, 세무회계과, 수학과, 통계학과, 회계학과",손해사정사,,477
230,시장 및 여론조사전문가,"사회학과, 심리학과, 통계학과",사회조사분석사1급,T400,478
230,시장 및 여론조사전문가,"사회학과, 심리학과, 통계학과",사회조사분석사2급,T401,479
231,신용조사원,"경영학과, 경제학과, 회계학과",공인회계사,S030,480
231,신용조사원,"경영학과, 경제학과, 회계학과",신용분석사,M088,481
231,신용조사원,"경영학과, 경제학과, 회계학과",신용관리사,M087,482
232,광고 및 홍보전문가,"경영학과, 광고기획과, 광고홍보학과, 신문방송학과, 심리학과, 언론홍보학과",,,483
233,외교관,"경제학과, 국제문화정보학과, 국제통상학과, 국제학부, 독어독문학과, 러시아어문학과, 법학과, 불어불문학과, 스페인어학과, 아프리카어과, 영어과, 영어영문학과, 영어학과, 유럽ㆍ기타어과, 일본어과, 일어일문학과, 정치외교학과, 중국어과, 중어중문학과, 행정학과",,,484
234,외환딜러,"경영학과, 경제학과, 국제통상학과, 금융경영과, 세무학과, 수학과, 통계학과, 회계학과","외환전문역I,II종",,485
236,자동차영업원,"경영학과, 금형설계과, 기계과, 자동차과, 자동차정비과",,,486
238,기업고위임원,"경영학과, 경제학과, 산업공학과",,,487
239,증권분석가,"경영학과, 경제학과, 통계학과",,,488
240,증권중개인,"경영학과, 경제학과",,,489
242,텔레마케터,마케팅경영과,텔레마케팅관리사,T095,490
243,상점판매원,"경영학과, 마케팅경영과, 유통경영과, 유통학과",,,491
244,금융자산운용가(펀드매니저),"경영학과, 경제학과, 금융경영과, 금융보험학과, 산업공학과, 세무학과, 수학과, 통계학과, 회계학과",,,492
247,네이미스트,"국어국문학과, 문예창작과, 문예창작학과, 언어과학과",,,493
252,법률사무원,"법학과, 행정학과",,,494
253,사무보조원,,워드프로세서,T535,495
253,사무보조원,,사무자동화산업기사,T394,496
253,사무보조원,,컴퓨터활용능력 1급,T088,497
253,사무보조원,,컴퓨터활용능력 2급,T089,498
255,은행출납사무원,"경영정보과, 경영학과, 경영회계정보과, 경제학과, 금융경영과, 세무회계과, 회계학과",,,499
256,보건의료정보관리사,"건강관리과, 건강관리학과, 보건관리학과, 보건행정과, 의무행정과",보건의료정보관리사,S130,500
258,회계사무원,"경영학과, 경영회계정보과, 경제학과, 세무회계과, 회계학과",전산회계운용사,,501
258,회계사무원,"경영학과, 경영회계정보과, 경제학과, 세무회계과, 회계학과",전산세무회계,,502
258,회계사무원,"경영학과, 경영회계정보과, 경제학과, 세무회계과, 회계학과",회계관리,,503
260,구성작가,"국어국문학과, 문예창작과, 문예창작학과, 신문방송학과",,,504
261,극작가,"국어국문학과, 문예창작과, 문예창작학과, 신문방송학과",,,505
262,기자,"경제학과, 국어국문학과, 문예창작학과, 사회학과, 신문방송학과, 언론홍보학과, 정치외교학과, 행정학과",,,506
264,통역가,"독어독문학과, 러시아어문학과, 불어불문학과, 스페인어학과, 아프리카어과, 영어과, 영어영문학과, 영어학과, 유럽ㆍ기타어과, 일본어과, 일어일문학과, 중국어과, 중어중문학과",,,507
265,리포터,"국어국문학과, 신문방송학과, 언론홍보학과, 연극영화과, 연극영화학과",,,508
266,드라마작가,"국어국문학과, 문예창작과, 문예창작학과",,,509
267,번역가,"독어독문학과, 러시아어문학과, 러시아학과, 불어불문학과, 스페인어학과, 아프리카어과, 영어과, 영어영문학과, 영어학과, 일본어과, 일어일문학과, 중국어과, 중어중문학과",,,510
268,사서,문헌정보학과,정사서1급,S214,511
268,사서,문헌정보학과,정사서2급,S215,512
269,정치학연구원,정치외교학과,,,513
270,성우,"방송연예과, 연극영화과, 연극영화학과",,,514
271,아나운서,"국어국문학과, 방송영상과, 사회학과, 신문방송학과, 언론홍보학과, 연극영화과, 연극영화학과",,,515
272,언어학연구원,언어과학과,,,516
273,역사학연구원,사학과,,,517
278,카피라이터,"광고홍보학과, 국어국문학과, 문예창작과, 문예창작학과",,,518
280,가수,"성악과, 실용음악과, 실용음악학과, 음악과, 음악학과, 작곡과",,,519
281,개그맨,"방송연예과, 연극영화과, 연극영화학과",,,520
283,광고기획자,"광고기획과, 광고홍보학과, 신문방송학과, 심리학과",,,521
284,간판제작원,"광고디자인과, 산업디자인과",옥외광고사,M097,522
285,광고디자이너,"광고디자인과, 디지털디자인과, 시각디자인과, 시각디자인학과, 컴퓨터디자인학과",시각디자인산업기사,T469,523
285,광고디자이너,"광고디자인과, 디지털디자인과, 시각디자인과, 시각디자인학과, 컴퓨터디자인학과",시각디자인기사,T468,524
285,광고디자이너,"광고디자인과, 디지털디자인과, 시각디자인과, 시각디자인학과, 컴퓨터디자인학과",컴퓨터그래픽기능사,T082,525
286,국악인,기악과,,,526
288,네일아티스트,"미용과, 뷰티미용학과, 피부미용과",,,527
291,만화가,만화애니메이션학과,,,528
293,메이크업아티스트,"메이크업아티스트과, 미용과, 코디네이션과",,,529
294,모델,"모델과, 방송연예과, 연극영화과",,,530
295,패턴사,"섬유디자인과, 섬유디자인학과, 의류ㆍ의상학과, 패션디자인과",양복기능사,,531
295,패턴사,"섬유디자인과, 섬유디자인학과, 의류ㆍ의상학과, 패션디자인과",한복기능사,T143,532
295,패턴사,"섬유디자인과, 섬유디자인학과, 의류ㆍ의상학과, 패션디자인과",한복산업기사,,533
295,패턴사,"섬유디자인과, 섬유디자인학과, 의류ㆍ의상학과, 패션디자인과",패션디자인산업기사,T113,534
295,패턴사,"섬유디자인과, 섬유디자인학과, 의류ㆍ의상학과, 패션디자인과",양장기능사,,535
296,무대감독,"미디어영상학과, 미술학과, 연극영화과, 연극영화학과",,,536
298,무용가,"무용과, 무용학과",,,537
299,문화재보존원,"고고학과, 문화재보존학과, 사학과, 역사교육과",문화재수리기능자,,538
299,문화재보존원,"고고학과, 문화재보존학과, 사학과, 역사교육과",국가유산수리기술자(단청),S068,539
299,문화재보존원,"고고학과, 문화재보존학과, 사학과, 역사교육과",국가유산수리기술자(보수),S069,540
299,문화재보존원,"고고학과, 문화재보존학과, 사학과, 역사교육과",국가유산수리기술자(보존과학),S070,541
299,문화재보존원,"고고학과, 문화재보존학과, 사학과, 역사교육과",국가유산수리기술자(식물보호),S071,542
299,문화재보존원,"고고학과, 문화재보존학과, 사학과, 역사교육과",국가유산수리기술자(실측설계),S072,543
299,문화재보존원,"고고학과, 문화재보존학과, 사학과, 역사교육과",국가유산수리기술자(조경),S074,544
301,방송연출가,"광고기획과, 광고홍보학과, 국어국문학과, 문예창작과, 문예창작학과, 방송영상과, 방송제작과, 사회학과, 신문방송학과, 언론홍보학과, 연극영화과, 연극영화학과, 영상제작과",,,545
303,연기자,"방송연예과, 연극영화과, 영화과",,,546
304,백댄서(백업댄서),"무용과, 무용학과",,,547
305,보석디자이너,"공예디자인학과, 공예학과, 금속공예학과",,,548
306,분장사,"미용과, 피부미용과",,,549
309,비디오저널리스트(VJ),신문방송학과,,,550
310,사진작가,"미디어영상학과, 사진과, 사진영상학과, 예술학과",항공사진기능사,T154,551
310,사진작가,"미디어영상학과, 사진과, 사진영상학과, 예술학과",사진기능사,T395,552
311,사진인화 및 현상관련조작원,"방송영상과, 사진영상학과",사진기능사,T395,553
313,성악가,성악과,,,554
314,스턴트맨,"방송연예과, 연극영화과, 연극영화학과, 영화과",,,555
316,플로리스트,"원예과, 원예학과",화훼장식기능사,T183,556
317,연주가,"관현악과, 기악과, 성악과, 음악과, 음악학과, 작곡과, 피아노학과",,,557
318,악기제조원,,피아노조율기능사,T138,558
318,악기제조원,,피아노조율산업기사,T139,559
319,애완동물미용사,반려동물과,,,560
320,연극연출가,"연극영화과, 연극영화학과",,,561
321,연예인매니저,"경영학과, 방송연예과, 신문방송학과, 연극영화과, 연극영화학과, 연예매니지먼트과",,,562
322,영화감독,"연극영화과, 연극영화학과, 영화과",,,563
323,영화기획자,"연극영화과, 연극영화학과",,,564
325,이미지컨설턴트,"미술학과, 심리학과",,,565
326,인테리어디자이너,"건축공학과, 공예과, 공예학과, 산업디자인과, 산업디자인학과, 시각디자인과, 시각디자인학과, 환경디자인과, 환경디자인학과",실내건축기능사,T498,566
326,인테리어디자이너,"건축공학과, 공예과, 공예학과, 산업디자인과, 산업디자인학과, 시각디자인과, 시각디자인학과, 환경디자인과, 환경디자인학과",실내건축산업기사,T500,567
326,인테리어디자이너,"건축공학과, 공예과, 공예학과, 산업디자인과, 산업디자인학과, 시각디자인과, 시각디자인학과, 환경디자인과, 환경디자인학과",실내건축기사,T499,568
327,일러스트레이터,"광고디자인과, 디지털디자인과, 시각디자인과, 시각디자인학과, 조형디자인학과, 컴퓨터디자인학과",시각디자인산업기사,T469,569
327,일러스트레이터,"광고디자인과, 디지털디자인과, 시각디자인과, 시각디자인학과, 조형디자인학과, 컴퓨터디자인학과",시각디자인기사,T468,570
327,일러스트레이터,"광고디자인과, 디지털디자인과, 시각디자인과, 시각디자인학과, 조형디자인학과, 컴퓨터디자인학과",컴퓨터그래픽기능사,T082,571
328,작곡가,"관현악과, 기악과, 성악과, 음악과, 음악학과, 작곡과, 피아노학과",,,572
332,제품디자이너,"공업디자인과, 공업디자인학과, 공예과, 공예디자인학과, 산업디자인과, 산업디자인학과, 시각디자인과, 시각디자인학과, 제품디자인과, 패션디자인과",제품디자인산업기사,T003,573
332,제품디자이너,"공업디자인과, 공업디자인학과, 공예과, 공예디자인학과, 산업디자인과, 산업디자인학과, 시각디자인과, 시각디자인학과, 제품디자인과, 패션디자인과",제품디자인기사,T001,574
332,제품디자이너,"공업디자인과, 공업디자인학과, 공예과, 공예디자인학과, 산업디자인과, 산업디자인학과, 시각디자인과, 시각디자인학과, 제품디자인과, 패션디자인과",제품디자인기술사,T002,575
332,제품디자이너,"공업디자인과, 공업디자인학과, 공예과, 공예디자인학과, 산업디자인과, 산업디자인학과, 시각디자인과, 시각디자인학과, 제품디자인과, 패션디자인과",제품응용모델링기능사,T004,576
333,조각가,"조소학과, 환경조각학과",,,577
334,조향사,"화학공학과, 화학과",,,578
335,지휘자,"관현악과, 기악과, 음악학과, 작곡과",,,579
336,운동선수,"무도학과, 무용과, 무용학과, 사회체육과, 사회체육학과, 체육학과, 태권도과",,,580
337,촬영기사,"방송영상과, 방송제작과, 사진영상학과, 연극영화과, 연극영화학과, 전기공학과, 전기과, 전기전자공학과, 전자공학과, 전자과",,,581
338,출판물기획전문가,"국어국문학과, 미디어출판과",,,582
339,캐릭터디자이너,"공업디자인과, 산업디자인과, 시각디자인과, 제품디자인과",시각디자인산업기사,T469,583
339,캐릭터디자이너,"공업디자인과, 산업디자인과, 시각디자인과, 제품디자인과",시각디자인기사,T468,584
339,캐릭터디자이너,"공업디자인과, 산업디자인과, 시각디자인과, 제품디자인과",컴퓨터그래픽기능사,T082,585
340,컬러리스트,"산업디자인과, 산업디자인학과, 시각디자인과, 시각디자인학과, 회화학과",컬러리스트기사,T079,586
340,컬러리스트,"산업디자인과, 산업디자인학과, 시각디자인과, 시각디자인학과, 회화학과",컬러리스트산업기사,T080,587
344,패션디자이너,"공예과, 공예학과, 산업디자인과, 산업디자인학과, 섬유공학과, 섬유디자인과, 시각디자인과, 시각디자인학과, 의류ㆍ의상학과, 코디네이션과, 패션디자인과",섬유디자인산업기사,T432,588
344,패션디자이너,"공예과, 공예학과, 산업디자인과, 산업디자인학과, 섬유공학과, 섬유디자인과, 시각디자인과, 시각디자인학과, 의류ㆍ의상학과, 코디네이션과, 패션디자인과",패션디자인산업기사,T113,589
345,패션코디네이터,"코디네이션과, 패션디자인과",,,590
346,편집기사,"방송영상과, 방송제작과, 영상제작과",,,591
347,악기수리원 및 조율사,"관현악과, 기악과, 음악과, 음향제작과, 전자공학과, 전자과, 피아노학과",피아노조율기능사,T138,592
347,악기수리원 및 조율사,"관현악과, 기악과, 음악과, 음향제작과, 전자공학과, 전자과, 피아노학과",피아노조율산업기사,T139,593
348,학예사(큐레이터),"고고학과, 공예과, 공예학과, 동양화과, 문화인류학과, 사학과, 산업디자인과, 산업디자인학과, 서양화과, 시각디자인과, 시각디자인학과, 예술학과, 조소학과, 회화학과",박물관및미술관준학예사,S116,594
348,학예사(큐레이터),"고고학과, 공예과, 공예학과, 동양화과, 문화인류학과, 사학과, 산업디자인과, 산업디자인학과, 서양화과, 시각디자인과, 시각디자인학과, 예술학과, 조소학과, 회화학과",박물관및미술관준학예사,S116,595
348,학예사(큐레이터),"고고학과, 공예과, 공예학과, 동양화과, 문화인류학과, 사학과, 산업디자인과, 산업디자인학과, 서양화과, 시각디자인과, 시각디자인학과, 예술학과, 조소학과, 회화학과",박물관및미술관준학예사,S116,596
349,화가,"공예과, 공예학과, 동양화과, 미술학과, 서양화과, 회화학과",,,597
352,가사도우미,,,,598
353,간병인,,,,599
355,간호조무사,,간호조무사,,600
356,청소원,,,,601
358,경비원,"경찰행정과, 경찰행정학과, 경호스포츠과, 경호학과",기계경비지도사,S078,602
358,경비원,"경찰행정과, 경찰행정학과, 경호스포츠과, 경호학과",일반경비지도사,S201,603
359,경찰관,"경찰행정학과, 법학과, 해양경찰학과",자동차운전면허 1종,S206,604
360,경호원,"경찰행정과, 경찰행정학과, 경호스포츠과, 무용과, 무용학과, 법학과, 사회체육과, 사회체육학과, 체육학과, 행정학과",기계경비지도사,S078,605
360,경호원,"경찰행정과, 경찰행정학과, 경호스포츠과, 무용과, 무용학과, 법학과, 사회체육과, 사회체육학과, 체육학과, 행정학과",일반경비지도사,S201,606
362,일반공무원,"경영학과, 경제학과, 법학과, 사회복지학과, 행정학과, 회계학과",,,607
363,교도관,"경찰행정과, 경찰행정학과, 교육학과, 법학과, 사회복지과, 사회복지상담과, 사회복지학과, 심리학과, 행정학과",,,608
364,이공학계열교수,"건축공학과, 물리학과, 산업공학과, 생물학과, 전기공학과, 전기전자공학과, 전자공학과, 토목공학과, 화학과",,,609
365,독서지도사,"국어교육과, 국어국문학과",,,610
366,레크리에이션지도자,"레크리에이션과, 사회체육과, 사회체육학과",,,611
369,물리치료사,"물리치료학과, 작업치료과, 재활학과",물리치료사,,612
370,바텐더,"식품가공과, 식품공학과, 식품영양학과, 식품조리과",조주기능사,T016,613
371,택배원,,자동차운전면허 1종,,614
371,택배원,,자동차운전면허 2종,,615
372,버스운전기사,,자동차운전면허 1종,S206,616
373,법무사,법학과,법무사,S122,617
374,변리사,"광학공학과, 기계공학과, 물리학과, 법학과, 산업공학과, 생물학과, 전기공학과, 전자공학과, 정보통신공학과, 제어계측공학과, 행정학과, 화학과",변리사,S124,618
375,변호사,"법학과, 행정학과",변호사,S275,619
378,전문비서,"경영정보과, 경영학과, 경제학과, 문헌정보과, 문헌정보학과, 비서행정과, 인터넷정보학과, 통계학과",비서,,620
379,사회복지사,"가족복지과, 교육학과, 노인복지학과, 사회복지과, 사회복지상담과, 사회복지학과, 사회학과, 심리학과, 아동복지과, 아동복지학과, 유아교육과, 유아교육학과, 청소년지도학과, 특수교육학과",사회복지사 1급,S139,621
380,상담전문가,"가족복지과, 교육학과, 노인복지학과, 사회복지과, 사회복지상담과, 사회복지학과, 심리학과, 아동복지과, 아동복지학과, 아동학과, 유아교육과, 유아교육학과, 청소년지도학과, 특수교육학과",전문상담교사,,622
380,상담전문가,"가족복지과, 교육학과, 노인복지학과, 사회복지과, 사회복지상담과, 사회복지학과, 심리학과, 아동복지과, 아동복지학과, 아동학과, 유아교육과, 유아교육학과, 청소년지도학과, 특수교육학과",청소년상담사 1급,S234,623
380,상담전문가,"가족복지과, 교육학과, 노인복지학과, 사회복지과, 사회복지상담과, 사회복지학과, 심리학과, 아동복지과, 아동복지학과, 아동학과, 유아교육과, 유아교육학과, 청소년지도학과, 특수교육학과",청소년상담사 2급,S235,624
380,상담전문가,"가족복지과, 교육학과, 노인복지학과, 사회복지과, 사회복지상담과, 사회복지학과, 심리학과, 아동복지과, 아동복지학과, 아동학과, 유아교육과, 유아교육학과, 청소년지도학과, 특수교육학과",청소년상담사 3급,S236,625
383,우편물집배원,,자동차운전면허 1종,,626
383,우편물집배원,,자동차운전면허 2종,,627
383,우편물집배원,,정보처리기능사,T650,628
383,우편물집배원,,정보처리산업기사,T652,629
383,우편물집배원,,정보처리기사,T651,630
383,우편물집배원,,워드프로세서,T535,631
383,우편물집배원,,컴퓨터 활용능력 3급,,632
383,우편물집배원,,컴퓨터 활용능력 2급,,633
384,성직자,"기독교학과, 불교학과, 신학과, 종교교육과",,,634
385,소방관,"소방안전관리과, 응급구조과, 행정학과",응급구조사,,635
385,소방관,"소방안전관리과, 응급구조과, 행정학과",소방설비산업기사,,636
385,소방관,"소방안전관리과, 응급구조과, 행정학과",소방설비기사,,637
385,소방관,"소방안전관리과, 응급구조과, 행정학과",소방시설관리사,S158,638
385,소방관,"소방안전관리과, 응급구조과, 행정학과",소방기술사,T437,639
385,소방관,"소방안전관리과, 응급구조과, 행정학과",화재조사관,S262,640
385,소방관,"소방안전관리과, 응급구조과, 행정학과",소방안전교육사,S160,641
386,언어치료사,"언어치료학과, 특수교육학과",,,642
388,여행안내원,"관광경영과, 관광경영학과, 관광통역과, 문화관광과",관광통역안내사,,643
390,신호원 및 수송원,"철도운전과, 철도전기제어과",철도신호산업기사,T048,644
390,신호원 및 수송원,"철도운전과, 철도전기제어과",철도신호기사,T046,645
390,신호원 및 수송원,"철도운전과, 철도전기제어과",철도신호기술사,T047,646
390,신호원 및 수송원,"철도운전과, 철도전기제어과",철도전기신호기능사,T050,647
391,운동경기심판,"사회체육과, 사회체육학과, 체육학과",,,648
392,스포츠트레이너,"물리치료과, 물리치료학과, 사회체육과, 사회체육학과, 체육교육과, 체육학과",,,649
395,유치원교사,유아교육과,한국사능력검정시험(3급 이상),,650
396,음악치료사,"실용음악학과, 심리학과, 음악학과",,,651
397,응급구조사,"소방안전관리과, 응급구조과",응급구조사,,652
398,임상심리사,심리학과,정신보건임상심리사,,653
398,임상심리사,심리학과,임상심리사2급,,654
400,운동감독,"사회체육과, 사회체육학과, 체육학과",경기지도자,,655
401,작업치료사,"물리치료학과, 작업치료과, 재활학과",작업치료사,S279,656
403,장례지도사,장례지도과,,,657
404,전화교환원,,정보처리기능사,T650,658
404,전화교환원,,정보처리산업기사,T652,659
404,전화교환원,,정보처리기사,T651,660
404,전화교환원,,정보기기운용기능사,T648,661
405,주택관리사,,주택관리사보,S229,662
407,직업군인,"군사학과, 부사관과",,,663
408,직업상담 및 취업알선원,"경영학과, 경제학과, 교육학과, 사회복지상담과, 사회복지학과, 심리학과, 행정학과",직업상담사1급,T035,664
409,직업능력개발훈련교사,"기술교육과, 전기ㆍ전자ㆍ통신공학교육과, 컴퓨터교육과",직업능력개발훈련교사 3급,S232,665
409,직업능력개발훈련교사,"기술교육과, 전기ㆍ전자ㆍ통신공학교육과, 컴퓨터교육과",직업능력개발훈련교사 2급,S231,666
409,직업능력개발훈련교사,"기술교육과, 전기ㆍ전자ㆍ통신공학교육과, 컴퓨터교육과",직업능력개발훈련교사 1급,S230,667
411,치과위생사,치위생과,치과위생사,,668
416,피부관리사,피부미용과,,,669
417,학원강사,"미술교육과, 미술학과, 수학과, 수학교육과, 식품영양학과, 식품조리과, 영어교육과, 영어학과",,,670
418,비행기승무원,"항공서비스과, 항공서비스학과, 항공운항학과",,,671
421,스포츠강사,"레크리에이션과, 사회체육과, 사회체육학과",생활체육지도사,M215,672
426,택시운전기사,,자동차운전면허 2종,,673
427,웨딩플래너,"미용과, 이벤트연출과, 패션디자인과",,,674
429,통신엔지니어,정보통신공학과,정보통신산업기사,T656,675
429,통신엔지니어,정보통신공학과,정보통신기사,T654,676
429,통신엔지니어,정보통신공학과,정보통신기술사,T655,677
429,통신엔지니어,정보통신공학과,전파전자통신기능사,T669,678
429,통신엔지니어,정보통신공학과,전파전자통신산업기사,T668,679
429,통신엔지니어,정보통신공학과,전파전자통신기사,T642,680
429,통신엔지니어,정보통신공학과,무선설비기능사,T340,681
429,통신엔지니어,정보통신공학과,무선설비산업기사,T342,682
429,통신엔지니어,정보통신공학과,무선설비기사,T341,683
430,네트워크엔지니어,"소프트웨어공학과, 인터넷정보학과, 정보통신공학과, 정보통신과, 컴퓨터공학과, 컴퓨터과학과, 컴퓨터소프트웨어과, 컴퓨터응용기계과",전자계산기기능사,T624,684
430,네트워크엔지니어,"소프트웨어공학과, 인터넷정보학과, 정보통신공학과, 정보통신과, 컴퓨터공학과, 컴퓨터과학과, 컴퓨터소프트웨어과, 컴퓨터응용기계과",전자계산기기사,T625,685
430,네트워크엔지니어,"소프트웨어공학과, 인터넷정보학과, 정보통신공학과, 정보통신과, 컴퓨터공학과, 컴퓨터과학과, 컴퓨터소프트웨어과, 컴퓨터응용기계과",정보처리산업기사,T652,686
430,네트워크엔지니어,"소프트웨어공학과, 인터넷정보학과, 정보통신공학과, 정보통신과, 컴퓨터공학과, 컴퓨터과학과, 컴퓨터소프트웨어과, 컴퓨터응용기계과",컴퓨터시스템응용기술사,T084,687
430,네트워크엔지니어,"소프트웨어공학과, 인터넷정보학과, 정보통신공학과, 정보통신과, 컴퓨터공학과, 컴퓨터과학과, 컴퓨터소프트웨어과, 컴퓨터응용기계과",정보처리기사,T651,688
430,네트워크엔지니어,"소프트웨어공학과, 인터넷정보학과, 정보통신공학과, 정보통신과, 컴퓨터공학과, 컴퓨터과학과, 컴퓨터소프트웨어과, 컴퓨터응용기계과",정보관리기술사,T647,689
430,네트워크엔지니어,"소프트웨어공학과, 인터넷정보학과, 정보통신공학과, 정보통신과, 컴퓨터공학과, 컴퓨터과학과, 컴퓨터소프트웨어과, 컴퓨터응용기계과",정보통신산업기사,T656,690
430,네트워크엔지니어,"소프트웨어공학과, 인터넷정보학과, 정보통신공학과, 정보통신과, 컴퓨터공학과, 컴퓨터과학과, 컴퓨터소프트웨어과, 컴퓨터응용기계과",정보통신기사,T654,691
430,네트워크엔지니어,"소프트웨어공학과, 인터넷정보학과, 정보통신공학과, 정보통신과, 컴퓨터공학과, 컴퓨터과학과, 컴퓨터소프트웨어과, 컴퓨터응용기계과",컴퓨터운용사,,692
430,네트워크엔지니어,"소프트웨어공학과, 인터넷정보학과, 정보통신공학과, 정보통신과, 컴퓨터공학과, 컴퓨터과학과, 컴퓨터소프트웨어과, 컴퓨터응용기계과",전자계산기제어산업기사,T627,693
431,데이터베이스관리자,"전기전자공학과, 전자공학과, 정보통신공학과, 정보통신과, 컴퓨터공학과, 컴퓨터응용기계과",전자계산기기능사,T624,694
431,데이터베이스관리자,"전기전자공학과, 전자공학과, 정보통신공학과, 정보통신과, 컴퓨터공학과, 컴퓨터응용기계과",정보처리기능사,T650,695
431,데이터베이스관리자,"전기전자공학과, 전자공학과, 정보통신공학과, 정보통신과, 컴퓨터공학과, 컴퓨터응용기계과",전자계산기기사,T625,696
431,데이터베이스관리자,"전기전자공학과, 전자공학과, 정보통신공학과, 정보통신과, 컴퓨터공학과, 컴퓨터응용기계과",정보처리산업기사,T652,697
431,데이터베이스관리자,"전기전자공학과, 전자공학과, 정보통신공학과, 정보통신과, 컴퓨터공학과, 컴퓨터응용기계과",컴퓨터시스템응용기술사,T084,698
431,데이터베이스관리자,"전기전자공학과, 전자공학과, 정보통신공학과, 정보통신과, 컴퓨터공학과, 컴퓨터응용기계과",정보처리기사,T651,699
431,데이터베이스관리자,"전기전자공학과, 전자공학과, 정보통신공학과, 정보통신과, 컴퓨터공학과, 컴퓨터응용기계과",정보관리기술사,T647,700
431,데이터베이스관리자,"전기전자공학과, 전자공학과, 정보통신공학과, 정보통신과, 컴퓨터공학과, 컴퓨터응용기계과",전자계산기조직응용기사,T628,701
431,데이터베이스관리자,"전기전자공학과, 전자공학과, 정보통신공학과, 정보통신과, 컴퓨터공학과, 컴퓨터응용기계과",전자계산기제어산업기사,T627,702
435,정보보호전문가,"스마트정보과, 인터넷정보학과, 정보보호학과, 정보통신공학과, 컴퓨터공학과, 컴퓨터보안과",정보처리기사,T651,703
435,정보보호전문가,"스마트정보과, 인터넷정보학과, 정보보호학과, 정보통신공학과, 컴퓨터공학과, 컴퓨터보안과",정보관리기술사,T647,704
435,정보보호전문가,"스마트정보과, 인터넷정보학과, 정보보호학과, 정보통신공학과, 컴퓨터공학과, 컴퓨터보안과",정보시스템감리사,M116,705
435,정보보호전문가,"스마트정보과, 인터넷정보학과, 정보보호학과, 정보통신공학과, 컴퓨터공학과, 컴퓨터보안과",정보시스템감사사(CISA),M206,706
435,정보보호전문가,"스마트정보과, 인터넷정보학과, 정보보호학과, 정보통신공학과, 컴퓨터공학과, 컴퓨터보안과",정보보안기사,T649,707
440,시스템엔지니어,"스마트정보과, 시스템경영공학과, 시스템공학과, 컴퓨터공학과, 컴퓨터응용기계과",전자계산기기능사,T624,708
440,시스템엔지니어,"스마트정보과, 시스템경영공학과, 시스템공학과, 컴퓨터공학과, 컴퓨터응용기계과",전자계산기기사,T625,709
440,시스템엔지니어,"스마트정보과, 시스템경영공학과, 시스템공학과, 컴퓨터공학과, 컴퓨터응용기계과",정보처리산업기사,T652,710
440,시스템엔지니어,"스마트정보과, 시스템경영공학과, 시스템공학과, 컴퓨터공학과, 컴퓨터응용기계과",컴퓨터시스템응용기술사,T084,711
440,시스템엔지니어,"스마트정보과, 시스템경영공학과, 시스템공학과, 컴퓨터공학과, 컴퓨터응용기계과",정보처리기사,T651,712
440,시스템엔지니어,"스마트정보과, 시스템경영공학과, 시스템공학과, 컴퓨터공학과, 컴퓨터응용기계과",정보관리기술사,T647,713
440,시스템엔지니어,"스마트정보과, 시스템경영공학과, 시스템공학과, 컴퓨터공학과, 컴퓨터응용기계과",전자계산기조직응용기사,T628,714
440,시스템엔지니어,"스마트정보과, 시스템경영공학과, 시스템공학과, 컴퓨터공학과, 컴퓨터응용기계과",컴퓨터운용사,,715
440,시스템엔지니어,"스마트정보과, 시스템경영공학과, 시스템공학과, 컴퓨터공학과, 컴퓨터응용기계과",전자계산기제어산업기사,T627,716
441,애니메이터,"만화애니메이션학과, 애니메이션과",,,717
443,웹디자이너,"그래픽디자인과, 멀티미디어과, 멀티미디어학과, 산업디자인과, 산업디자인학과, 시각디자인과, 시각디자인학과",컴퓨터그래픽기능사,T082,718
443,웹디자이너,"그래픽디자인과, 멀티미디어과, 멀티미디어학과, 산업디자인과, 산업디자인학과, 시각디자인과, 시각디자인학과",웹디자인개발기능사,T541,719
444,웹마스터,"전기전자공학과, 전자공학과, 컴퓨터공학과",정보처리기능사,T650,720
444,웹마스터,"전기전자공학과, 전자공학과, 컴퓨터공학과",정보처리산업기사,T652,721
444,웹마스터,"전기전자공학과, 전자공학과, 컴퓨터공학과",정보처리기사,T651,722
444,웹마스터,"전기전자공학과, 전자공학과, 컴퓨터공학과",웹디자인개발기능사,T541,723
450,IT컨설턴트,"경영정보과, 경영학과, 스마트정보과, 인터넷정보학과, 정보통신공학과, 정보통신과",정보처리기능사,T650,724
450,IT컨설턴트,"경영정보과, 경영학과, 스마트정보과, 인터넷정보학과, 정보통신공학과, 정보통신과",정보처리산업기사,T652,725
450,IT컨설턴트,"경영정보과, 경영학과, 스마트정보과, 인터넷정보학과, 정보통신공학과, 정보통신과",정보처리기사,T651,726
450,IT컨설턴트,"경영정보과, 경영학과, 스마트정보과, 인터넷정보학과, 정보통신공학과, 정보통신과",정보관리기술사,T647,727
450,IT컨설턴트,"경영정보과, 경영학과, 스마트정보과, 인터넷정보학과, 정보통신공학과, 정보통신과",정보통신산업기사,T656,728
450,IT컨설턴트,"경영정보과, 경영학과, 스마트정보과, 인터넷정보학과, 정보통신공학과, 정보통신과",정보통신기사,T654,729
450,IT컨설턴트,"경영정보과, 경영학과, 스마트정보과, 인터넷정보학과, 정보통신공학과, 정보통신과",정보통신기술사,T655,730
450,IT컨설턴트,"경영정보과, 경영학과, 스마트정보과, 인터넷정보학과, 정보통신공학과, 정보통신과",컴퓨터그래픽기능사,T082,731
452,정보중개인,,인터넷정보관리사 1급,M259,732
452,정보중개인,,인터넷정보관리사 2급,M204,733
452,정보중개인,,인터넷정보관리사 전문가,M260,734
457,컴퓨터게임시나리오작가,"게임콘텐츠과, 국어국문학과, 문예창작과, 문예창작학과",,,735
458,컴퓨터그래픽디자이너,"그래픽디자인과, 디지털디자인과, 컴퓨터디자인학과",컴퓨터그래픽기능사,T082,736
459,속기사,"국어국문학과, 비서행정과, 비서행정학과",한글속기 3급,T142,737
459,속기사,"국어국문학과, 비서행정과, 비서행정학과",한글속기 2급,T141,738
459,속기사,"국어국문학과, 비서행정과, 비서행정학과",한글속기 1급,T140,739
462,사이버교육운영자,"교육공학과, 교육학과",,,740
465,통신망설계운영기술자,"인터넷정보학과, 전자공학과, 정보통신공학과, 컴퓨터공학과, 컴퓨터과학과",통신기기기능사,T659,741
465,통신망설계운영기술자,"인터넷정보학과, 전자공학과, 정보통신공학과, 컴퓨터공학과, 컴퓨터과학과",정보통신산업기사,T656,742
465,통신망설계운영기술자,"인터넷정보학과, 전자공학과, 정보통신공학과, 컴퓨터공학과, 컴퓨터과학과",정보통신기사,T654,743
465,통신망설계운영기술자,"인터넷정보학과, 전자공학과, 정보통신공학과, 컴퓨터공학과, 컴퓨터과학과",정보통신기술사,T655,744
465,통신망설계운영기술자,"인터넷정보학과, 전자공학과, 정보통신공학과, 컴퓨터공학과, 컴퓨터과학과",무선설비기능사,T340,745
465,통신망설계운영기술자,"인터넷정보학과, 전자공학과, 정보통신공학과, 컴퓨터공학과, 컴퓨터과학과",무선설비기사,T341,746
466,컴퓨터설치·수리원,컴퓨터공학과,전자산업기사,T635,747
466,컴퓨터설치·수리원,컴퓨터공학과,전자기사,T632,748
467,의료정보시스템개발자,"의료정보공학과, 의료정보시스템과",,,749
469,고객관리시스템(CRM)전문가,"컴퓨터공학과, 컴퓨터과학과, 통계학과",전자계산기기능사,T624,750
469,고객관리시스템(CRM)전문가,"컴퓨터공학과, 컴퓨터과학과, 통계학과",정보처리기능사,T650,751
469,고객관리시스템(CRM)전문가,"컴퓨터공학과, 컴퓨터과학과, 통계학과",전자계산기기사,T625,752
469,고객관리시스템(CRM)전문가,"컴퓨터공학과, 컴퓨터과학과, 통계학과",정보처리산업기사,T652,753
469,고객관리시스템(CRM)전문가,"컴퓨터공학과, 컴퓨터과학과, 통계학과",컴퓨터시스템응용기술사,T084,754
469,고객관리시스템(CRM)전문가,"컴퓨터공학과, 컴퓨터과학과, 통계학과",정보처리기사,T651,755
469,고객관리시스템(CRM)전문가,"컴퓨터공학과, 컴퓨터과학과, 통계학과",전자계산기조직응용기사,T628,756
469,고객관리시스템(CRM)전문가,"컴퓨터공학과, 컴퓨터과학과, 통계학과",전자계산기제어산업기사,T627,757
470,전자상거래전문가,"마케팅경영과, 정보통신공학과, 정보통신과",전자상거래 관리사,,758
474,아이티(IT)기술영업원,"컴퓨터공학과, 컴퓨터소프트웨어과",,,759
475,아이티(IT)교육강사,"디지털디자인과, 컴퓨터공학과, 컴퓨터교육과, 컴퓨터소프트웨어과",정보처리기능사,T650,760
475,아이티(IT)교육강사,"디지털디자인과, 컴퓨터공학과, 컴퓨터교육과, 컴퓨터소프트웨어과",정보처리산업기사,T652,761
475,아이티(IT)교육강사,"디지털디자인과, 컴퓨터공학과, 컴퓨터교육과, 컴퓨터소프트웨어과",정보처리기사,T651,762
475,아이티(IT)교육강사,"디지털디자인과, 컴퓨터공학과, 컴퓨터교육과, 컴퓨터소프트웨어과",컴퓨터 활용능력 1급,,763
475,아이티(IT)교육강사,"디지털디자인과, 컴퓨터공학과, 컴퓨터교육과, 컴퓨터소프트웨어과",컴퓨터 활용능력 2급,,764
475,아이티(IT)교육강사,"디지털디자인과, 컴퓨터공학과, 컴퓨터교육과, 컴퓨터소프트웨어과",컴퓨터그래픽기능사,T082,765
475,아이티(IT)교육강사,"디지털디자인과, 컴퓨터공학과, 컴퓨터교육과, 컴퓨터소프트웨어과",전자상거래 관리사,,766
476,무선주파수(RF)엔지니어,"전기전자공학과, 전자공학과, 정보통신공학과",무선설비기능사,T340,767
476,무선주파수(RF)엔지니어,"전기전자공학과, 전자공학과, 정보통신공학과",무선설비산업기사,T342,768
476,무선주파수(RF)엔지니어,"전기전자공학과, 전자공학과, 정보통신공학과",무선설비기사,T341,769
481,교장,"과학교육과, 교육학과, 국어교육과, 독일어교육과, 물리교육과, 미술교육과, 불어교육과, 생물교육과, 수학교육과, 역사교육과, 윤리교육과, 일반사회교육과, 지구과학교육과, 지리교육과, 체육교육과, 초등교육과, 한문교육과, 화학교육과","중등학교 2급 정교사, 중등학교 1급 정교사",,770
539,소음진동기술자,"보건환경과, 환경공학과, 환경과학과, 환경보건학과, 환경시스템과",소음진동산업기사,T448,771
539,소음진동기술자,"보건환경과, 환경공학과, 환경과학과, 환경보건학과, 환경시스템과",소음진동기사,T446,772
539,소음진동기술자,"보건환경과, 환경공학과, 환경과학과, 환경보건학과, 환경시스템과",소음진동기술사,T447,773
592,크레인 및 호이스트운전원,"기계공학과, 기계과, 자동차공학과, 자동차과, 전기공학과, 전기과, 전기전자과",기중기운전기능사,T298,774
592,크레인 및 호이스트운전원,"기계공학과, 기계과, 자동차공학과, 자동차과, 전기공학과, 전기과, 전기전자과",천장크레인운전기능사,T039,775
626,여행상품개발원,"관광경영학과, 관광통역과, 문화관광과, 호텔경영과",관광통역안내사,,776
740,귀금속 및 보석세공원,"공예과, 공예학과, 금속공예과, 금속공예학과, 산업디자인과, 산업디자인학과, 시각디자인과, 시각디자인학과",귀금속가공기능사,T265,777
740,귀금속 및 보석세공원,"공예과, 공예학과, 금속공예과, 금속공예학과, 산업디자인과, 산업디자인학과, 시각디자인과, 시각디자인학과",귀금속가공기능장,T266,778
740,귀금속 및 보석세공원,"공예과, 공예학과, 금속공예과, 금속공예학과, 산업디자인과, 산업디자인학과, 시각디자인과, 시각디자인학과",보석가공기능사,T372,779
740,귀금속 및 보석세공원,"공예과, 공예학과, 금속공예과, 금속공예학과, 산업디자인과, 산업디자인학과, 시각디자인과, 시각디자인학과",귀금속가공산업기사,T267,780
795,호텔지배인,"관광경영과, 관광경영학과, 문화관광과, 호텔경영과",호텔관리사,S259,781
795,호텔지배인,"관광경영과, 관광경영학과, 문화관광과, 호텔경영과",호텔경영사,S257,782
795,호텔지배인,"관광경영과, 관광경영학과, 문화관광과, 호텔경영과",호텔서비스사,S261,783
834,시스템소프트웨어개발자,"시스템공학과, 컴퓨터공학과, 컴퓨터응용기계과",전자계산기기능사,T624,784
834,시스템소프트웨어개발자,"시스템공학과, 컴퓨터공학과, 컴퓨터응용기계과",정보처리기능사,T650,785
834,시스템소프트웨어개발자,"시스템공학과, 컴퓨터공학과, 컴퓨터응용기계과",전자계산기기사,T625,786
834,시스템소프트웨어개발자,"시스템공학과, 컴퓨터공학과, 컴퓨터응용기계과",정보처리산업기사,T652,787
834,시스템소프트웨어개발자,"시스템공학과, 컴퓨터공학과, 컴퓨터응용기계과",컴퓨터시스템응용기술사,T084,788
834,시스템소프트웨어개발자,"시스템공학과, 컴퓨터공학과, 컴퓨터응용기계과",정보처리기사,T651,789
834,시스템소프트웨어개발자,"시스템공학과, 컴퓨터공학과, 컴퓨터응용기계과",전자계산기제어산업기사,T627,790
911,조명기사,"방송영상과, 방송제작과, 연극영화과, 연극영화학과, 전기공학과, 전기과, 전기전자공학과, 전자공학과, 전자과",무대예술전문인(무대기계),,791
911,조명기사,"방송영상과, 방송제작과, 연극영화과, 연극영화학과, 전기공학과, 전기과, 전기전자공학과, 전자공학과, 전자과",무대예술전문인(조명),,792
911,조명기사,"방송영상과, 방송제작과, 연극영화과, 연극영화학과, 전기공학과, 전기과, 전기전자공학과, 전자공학과, 전자과",무대예술전문인(음향),,793
914,영화시나리오작가,"국어국문학과, 문예창작과, 문예창작학과, 신문방송학과",,,794
915,음향기사,음향제작과,,,795
916,특수효과기술자,"시각디자인과, 시각디자인학과",,,796
917,음반기획자,"실용음악과, 실용음악학과, 음악과, 음악학과",,,797
920,애니메이션기획자,"만화애니메이션학과, 애니메이션과",,,798
922,애니메이션작가,"국어국문학과, 만화애니메이션학과, 문예창작과, 문예창작학과, 애니메이션과",,,799
923,게임기획자,"응용소프트웨어공학과, 전자공학과, 정보통신공학과, 컴퓨터공학과",게임기획전문가,M135,800
926,출판편집자,"국어국문학과, 미디어출판과",,,801
927,북디자이너,"디지털디자인과, 시각디자인과, 시각디자인학과, 컴퓨터디자인학과",시각디자인산업기사,T469,802
927,북디자이너,"디지털디자인과, 시각디자인과, 시각디자인학과, 컴퓨터디자인학과",시각디자인기사,T468,803
927,북디자이너,"디지털디자인과, 시각디자인과, 시각디자인학과, 컴퓨터디자인학과",컴퓨터그래픽기능사,T082,804
928,영업원,"경영학과, 국제통상학과, 마케팅경영과, 무역학과",,,805
929,공예원,"공예과, 공예디자인학과, 공예학과, 금속공예과, 금속공예학과, 도자기공예과, 산업디자인과, 산업디자인학과",목공예기능사,T337,806
929,공예원,"공예과, 공예디자인학과, 공예학과, 금속공예과, 금속공예학과, 도자기공예과, 산업디자인과, 산업디자인학과",도자공예기능사,T325,807
929,공예원,"공예과, 공예디자인학과, 공예학과, 금속공예과, 금속공예학과, 도자기공예과, 산업디자인과, 산업디자인학과",석공예기능사,T423,808
933,사회학연구원,사회학과,,,809
934,사회단체활동가,사회학과,,,810
937,시각디자이너,"공업디자인과, 공업디자인학과, 공예과, 공예학과, 광고디자인과, 디지털디자인과, 산업디자인과, 산업디자인학과, 시각디자인과, 시각디자인학과, 조형디자인학과, 컴퓨터디자인학과, 패션디자인과",시각디자인산업기사,T469,811
937,시각디자이너,"공업디자인과, 공업디자인학과, 공예과, 공예학과, 광고디자인과, 디지털디자인과, 산업디자인과, 산업디자인학과, 시각디자인과, 시각디자인학과, 조형디자인학과, 컴퓨터디자인학과, 패션디자인과",시각디자인기사,T468,812
937,시각디자이너,"공업디자인과, 공업디자인학과, 공예과, 공예학과, 광고디자인과, 디지털디자인과, 산업디자인과, 산업디자인학과, 시각디자인과, 시각디자인학과, 조형디자인학과, 컴퓨터디자인학과, 패션디자인과",컴퓨터그래픽기능사,T082,813
938,시스템운영관리자,"시스템경영공학과, 시스템공학과",정보처리기능사,T650,814
938,시스템운영관리자,"시스템경영공학과, 시스템공학과",정보처리산업기사,T652,815
938,시스템운영관리자,"시스템경영공학과, 시스템공학과",정보처리기사,T651,816
938,시스템운영관리자,"시스템경영공학과, 시스템공학과",정보관리기술사,T647,817
938,시스템운영관리자,"시스템경영공학과, 시스템공학과",전자계산기조직응용기사,T628,818
938,시스템운영관리자,"시스템경영공학과, 시스템공학과",컴퓨터운용사,,819
941,임상병리사,"임상병리과, 임상병리학과",임상병리사,T575,820
946,카지노딜러,"관광경영과, 관광경영학과, 문화관광과, 컨벤션산업과, 호텔경영과",,,821
948,컴퓨터하드웨어 기술자 및 연구원,"전기자동화과, 컴퓨터공학과, 컴퓨터과학과, 컴퓨터소프트웨어과, 컴퓨터응용기계과",정보통신산업기사,T656,822
948,컴퓨터하드웨어 기술자 및 연구원,"전기자동화과, 컴퓨터공학과, 컴퓨터과학과, 컴퓨터소프트웨어과, 컴퓨터응용기계과",정보통신기사,T654,823
948,컴퓨터하드웨어 기술자 및 연구원,"전기자동화과, 컴퓨터공학과, 컴퓨터과학과, 컴퓨터소프트웨어과, 컴퓨터응용기계과",정보통신기술사,T655,824
948,컴퓨터하드웨어 기술자 및 연구원,"전기자동화과, 컴퓨터공학과, 컴퓨터과학과, 컴퓨터소프트웨어과, 컴퓨터응용기계과",컴퓨터 활용능력 3급,,825
948,컴퓨터하드웨어 기술자 및 연구원,"전기자동화과, 컴퓨터공학과, 컴퓨터과학과, 컴퓨터소프트웨어과, 컴퓨터응용기계과",컴퓨터 활용능력 2급,,826
948,컴퓨터하드웨어 기술자 및 연구원,"전기자동화과, 컴퓨터공학과, 컴퓨터과학과, 컴퓨터소프트웨어과, 컴퓨터응용기계과",컴퓨터그래픽기능사,T082,827
950,투자분석가(애널리스트),"경영학과, 경제학과, 국제통상학과, 금융경영과, 금융보험학과, 세무학과, 통계학과, 회계학과",,,828
951,행사기획자,"경영학과, 광고기획과, 문예창작과, 문예창작학과, 산업디자인과, 산업디자인학과, 신문방송학과, 연극영화과, 연극영화학과, 이벤트연출과, 컨벤션산업과",컨벤션기획사2급,T076,829
951,행사기획자,"경영학과, 광고기획과, 문예창작과, 문예창작학과, 산업�����자인과, 산업디자인학과, 신문방송학과, 연극영화과, 연극영화학과, 이벤트연출과, 컨벤션산업과",컨벤션기획사,,830
952,화학공학기술자,"고분자공학과, 공업화학과, 정밀화학과, 화학공업과, 화학공학과, 화학과",화약류제조산업기사,T176,831
952,화학공학기술자,"고분자공학과, 공업화학과, 정밀화학과, 화학공업과, 화학공학과, 화학과",화약류제조기사,T175,832
952,화학공학기술자,"고분자공학과, 공업화학과, 정밀화학과, 화학공업과, 화학공학과, 화학과",화학분석기능사,T180,833
952,화학공학기술자,"고분자공학과, 공업화학과, 정밀화학과, 화학공업과, 화학공학과, 화학과",화공기사,T168,834
952,화학공학기술자,"고분자공학과, 공업화학과, 정밀화학과, 화학공업과, 화학공학과, 화학과",화약류관리산업기사,T174,835
952,화학공학기술자,"고분자공학과, 공업화학과, 정밀화학과, 화학공업과, 화학공학과, 화학과",화약류관리기사,T172,836
952,화학공학기술자,"고분자공학과, 공업화학과, 정밀화학과, 화학공업과, 화학공학과, 화학과",화약류관리기술사,T173,837
952,화학공학기술자,"고분자공학과, 공업화학과, 정밀화학과, 화학공업과, 화학공학과, 화학과",화공안전기술사,T170,838
952,화학공학기술자,"고분자공학과, 공업화학과, 정밀화학과, 화학공업과, 화학공학과, 화학과",화공기술사,T169,839
954,화훼재배기술자,"원예과, 원예학과",시설원예기사,T471,840
954,화훼재배기술자,"원예과, 원예학과",시설원예기술사,T473,841
954,화훼재배기술자,"원예과, 원예학과",화훼장식기능사,T183,842
954,화훼재배기술자,"원예과, 원예학과",화훼장식기사,T184,843
957,평론가,"국어국문학과, 문예창작학과, 미디어영상학과, 미술학과, 실용음악과, 연극영화과, 연극영화학과, 음악학과",,,844
963,원예기술자,"식물자원학과, 원예과, 원예학과",시설원예기사,T471,845
963,원예기술자,"식물자원학과, 원예과, 원예학과",시설원예기술사,T473,846
966,안무가,"무용과, 무용학과",,,847
968,시인,"국어국문학과, 문예창작과, 문예창작학과",,,848
973,소설가,"국어국문학과, 문예창작과, 문예창작학과",,,849
975,사진사,"사진과, 사진영상학과",사진기능사,T395,850
976,사진기자,사진영상학과,사진기능사,T395,851
978,보일러공,,에너지관리기능사,T512,852
978,보일러공,,에너지관리기능장,T513,853
978,보일러공,,에너지관리기사,T515,854
978,보일러공,,에너지관리산업기사,T516,855
985,공업기계설치 및 정비원,,설비보전기능사,T427,856
985,공업기계설치 및 정비원,,기계가공조립기능사,T286,857
985,공업기계설치 및 정비원,,기계조립산업기사,T293,858
988,인문사회계열교수,"경제학과, 국어국문학과, 사학과, 사회학과, 심리학과, 영어영문학과, 철학과",,,859
994,환경컨설턴트,"화학공학과, 화학과, 환경공학과, 환경과학과",대기환경기사,T316,860
994,환경컨설턴트,"화학공학과, 화학과, 환경공학과, 환경과학과",수질환경기사,T460,861
994,환경컨설턴트,"화학공학과, 화학과, 환경공학과, 환경과학과",산업위생관리기사,T413,862
994,환경컨설턴트,"화학공학과, 화학과, 환경공학과, 환경과학과",소음진동기사,T446,863
994,환경컨설턴트,"화학공학과, 화학과, 환경공학과, 환경과학과",폐기물처리산업기사,T119,864
994,환경컨설턴트,"화학공학과, 화학과, 환경공학과, 환경과학과",폐기물처리기사,T117,865
994,환경컨설턴트,"화학공학과, 화학과, 환경공학과, 환경과학과",폐기물처리기술사,T118,866
994,환경컨설턴트,"화학공학과, 화학과, 환경공학과, 환경과학과",환경기능사,T186,867
994,환경컨설턴트,"화학공학과, 화학과, 환경공학과, 환경과학과",토양환경기술사,T105,868
994,환경컨설턴트,"화학공학과, 화학과, 환경공학과, 환경과학과",자연환경관리기술사,T596,869
994,환경컨설턴트,"화학공학과, 화학과, 환경공학과, 환경과학과",자연생태복원산업기사,T595,870
995,에너지공학기술자,"에너지자원공학과, 원자력공학과",에너지관리기사,T515,871
995,에너지공학기술자,"에너지자원공학과, 원자력공학과",원자력발전기술사,T538,872
995,에너지공학기술자,"에너지자원공학과, 원자력공학과",방사선관리기술사,T356,873
995,에너지공학기술자,"에너지자원공학과, 원자력공학과",원자력기사,T537,874
995,에너지공학기술자,"에너지자원공학과, 원자력공학과",핵연료물질취급자면허,S253,875
995,에너지공학기술자,"에너지자원공학과, 원자력공학과",에너지관리산업기사,T516,876
995,에너지공학기술자,"에너지자원공학과, 원자력공학과",방사선취급감독자면허,S119,877
995,에너지공학기술자,"에너지자원공학과, 원자력공학과",핵연료물질취급감독자면허,S252,878
997,토양환경기술자,"지질학과, 환경공학과, 환경과학과, 환경보건학과",토양환경기술사,T105,879
997,토양환경기술자,"지질학과, 환경공학과, 환경과학과, 환경보건학과",자연환경관리기술사,T596,880
997,토양환경기술자,"지질학과, 환경공학과, 환경과학과, 환경보건학과",자연생태복원산업기사,T595,881
1004,환경설비기술자,"보건환경과, 환경공학과, 환경과학과, 환경시스템과",수질환경산업기사,T461,882
1004,환경설비기술자,"보건환경과, 환경공학과, 환경과학과, 환경시스템과",수질환경기사,T460,883
1004,환경설비기술자,"보건환경과, 환경공학과, 환경과학과, 환경시스템과",폐기물처리산업기사,T119,884
1004,환경설비기술자,"보건환경과, 환경공학과, 환경과학과, 환경시스템과",폐기물처리기사,T117,885
1004,환경설비기술자,"보건환경과, 환경공학과, 환경과학과, 환경시스템과",폐기물처리기술사,T118,886
1004,환경설비기술자,"보건환경과, 환경공학과, 환경과학과, 환경시스템과",토양환경기술사,T105,887
1006,해양환경기사,"해양공학과, 해양자원학과",해양환경기사,T166,888
1006,해양환경기사,"해양공학과, 해양자원학과",해양자원개발기사,T163,889
1006,해양환경기사,"해양공학과, 해양자원학과",해양공학기사,T160,890
1006,해양환경기사,"해양공학과, 해양자원학과",해양조사산업기사,T165,891
1006,해양환경기사,"해양공학과, 해양자원학과",수질환경산업기사,T461,892
1006,해양환경기사,"해양공학과, 해양자원학과",수질환경기사,T460,893
1007,상수도기술자,"토목공학과, 토목공학과, 환경공학과, 환경과학과, 환경보건학과",상하수도기술사,T416,894
1007,상수도기술자,"토목공학과, 토목공학과, 환경공학과, 환경과학과, 환경보건학과",수질환경산업기사,T461,895
1007,상수도기술자,"토목공학과, 토목공학과, 환경공학과, 환경과학과, 환경보건학과",수질환경기사,T460,896
1007,상수도기술자,"토목공학과, 토목공학과, 환경공학과, 환경과학과, 환경보건학과",수질관리기술사,T457,897
1009,환경위생검사원,"보건환경과, 환경공학과, 환경과학과, 환경보건학과, 환경시스템과",위생사,S188,898
1009,환경위생검사원,"보건환경과, 환경공학과, 환경과학과, 환경보건학과, 환경시스템과",대기환경산업기사,T317,899
1009,환경위생검사원,"보건환경과, 환경공학과, 환경과학과, 환경보건학과, 환경시스템과",대기환경기사,T316,900
1009,환경위생검사원,"보건환경과, 환경공학과, 환경과학과, 환경보건학과, 환경시스템과",대기관리기술사,T313,901
1009,환경위생검사원,"보건환경과, 환경공학과, 환경과학과, 환경보건학과, 환경시스템과",산업위생관리산업기사,T415,902
1009,환경위생검사원,"보건환경과, 환경공학과, 환경과학과, 환경보건학과, 환경시스템과",산업위생관리기사,T413,903
1009,환경위생검사원,"보건환경과, 환경공학과, 환경과학과, 환경보건학과, 환경시스템과",산업위생관리기술사,T414,904
1010,방사성폐기물관리원,원자력공학과,원자력발전기술사,T538,905
1010,방사성폐기물관리원,원자력공학과,원자력기사,T537,906
1010,방사성폐기물관리원,원자력공학과,핵연료물질취급자면허,S253,907
1061,국회의원,"경영학과, 경제학과, 국제학부, 법학과, 사회학과, 정치외교학과, 행정학과",,,908
1068,마케팅전문가,"경영학과, 스포츠마케팅학과, 심리학과",,,909
1076,자동차공학기술자,"기계공학과, 자동차공학과, 자동차과",자동차차체수리기능사,T589,910
1076,자동차공학기술자,"기계공학과, 자동차공학과, 자동차과",자동차정비기능사,T585,911
1076,자동차공학기술자,"기계공학과, 자동차공학과, 자동차과",자동차정비산업기사,T588,912
1076,자동차공학기술자,"기계공학과, 자동차공학과, 자동차과",자동차정비기능장,T586,913
1076,자동차공학기술자,"기계공학과, 자동차공학과, 자동차과",자동차정비기사,T587,914
1078,대형트럭 및 특수차운전원,"기계공학과, 기계과, 자동차공학과, 자동차과, 전기공학과, 전기과",,,915
1080,환경공학기술자 및 연구원,"공업화학과, 화학공업과, 환경공업과, 환경공학과, 환경과학과",해양환경기사,T166,916
1080,환경공학기술자 및 연구원,"공업화학과, 화학공업과, 환경공업과, 환경공학과, 환경과학과",대기환경산업기사,T317,917
1080,환경공학기술자 및 연구원,"공업화학과, 화학공업과, 환경공업과, 환경공학과, 환경과학과",대기환경기사,T316,918
1080,환경공학기술자 및 연구원,"공업화학과, 화학공업과, 환경공업과, 환경공학과, 환경과학과",수질환경산업기사,T461,919
1080,환경공학기술자 및 연구원,"공업화학과, 화학공업과, 환경공업과, 환경공학과, 환경과학과",수질환경기사,T460,920
1080,환경공학기술자 및 연구원,"공업화학과, 화학공업과, 환경공업과, 환경공학과, 환경과학과",환경기능사,T186,921
1081,해양공학기술자,"지구해양과학과, 해양공학과, 해양시스템학과, 해양자원학과, 환경공업과, 환경공학과, 환경과학과, 환경화학과",해양환경기사,T166,922
1081,해양공학기술자,"지구해양과학과, 해양공학과, 해양시스템학과, 해양자원학과, 환경공업과, 환경공학과, 환경과학과, 환경화학과",해양기술사,T161,923
1081,해양공학기술자,"지구해양과학과, 해양공학과, 해양시스템학과, 해양자원학과, 환경공업과, 환경공학과, 환경과학과, 환경화학과",해양자원개발기사,T163,924
1081,해양공학기술자,"지구해양과학과, 해양공학과, 해양시스템학과, 해양자원학과, 환경공업과, 환경공학과, 환경과학과, 환경화학과",해양공학기사,T160,925
1081,해양공학기술자,"지구해양과학과, 해양공학과, 해양시스템학과, 해양자원학과, 환경공업과, 환경공학과, 환경과학과, 환경화학과",해양조사산업기사,T165,926
1087,전자 부품 및 제품 생산직,"전기공학과, 전기과, 전기전자공학과, 전자공학과, 전자과",전기산업기사,T609,927
1087,전자 부품 및 제품 생산직,"전기공학과, 전기과, 전기전자공학과, 전자공학과, 전자과",전자기능사,T630,928
1087,전자 부품 및 제품 생산직,"전기공학과, 전기과, 전기전자공학과, 전자공학과, 전자과",전자산업기사,T635,929
1087,전자 부품 및 제품 생산직,"전기공학과, 전기과, 전기전자공학과, 전자공학과, 전자과",전자기사,T632,930
1087,전자 부품 및 제품 생산직,"전기공학과, 전기과, 전기전자공학과, 전자공학과, 전자과",전자기능장,T631,931
1087,전자 부품 및 제품 생산직,"전기공학과, 전기과, 전기전자공학과, 전자공학과, 전자과",전자응용기술사,T639,932
1087,전자 부품 및 제품 생산직,"전기공학과, 전기과, 전기전자공학과, 전자공학과, 전자과",산업계측제어기술사,T409,933
1088,스포츠에이전트,"경영학과, 경제학과, 법학과, 사회체육학과, 스포츠건강관리학과, 체육학과",,,934
1090,콘크리트공,,콘크리트기능사,T090,935
1090,콘크리트공,,콘크리트기사,T091,936
1090,콘크리트공,,콘크리트산업기사,T092,937
1092,GIS전문가,"스마트정보과, 인터넷정보학과, 정보통신공학과, 지구정보공학과, 지리학과, 지적학과, 지질학과",지적기능사,T030,938
1092,GIS전문가,"스마트정보과, 인터넷정보학과, 정보통신공학과, 지구정보공학과, 지리학과, 지적학과, 지질학과",지적산업기사,T033,939
1092,GIS전문가,"스마트정보과, 인터넷정보학과, 정보통신공학과, 지구정보공학과, 지리학과, 지적학과, 지질학과",지적기술사,T032,940
1092,GIS전문가,"스마트정보과, 인터넷정보학과, 정보통신공학과, 지구정보공학과, 지리학과, 지적학과, 지질학과",측량및지형공간정보산업기사,T070,941
1092,GIS전문가,"스마트정보과, 인터넷정보학과, 정보통신공학과, 지구정보공학과, 지리학과, 지적학과, 지질학과",측량및지형공간정보기사,T068,942
1092,GIS전문가,"스마트정보과, 인터넷정보학과, 정보통신공학과, 지구정보공학과, 지리학과, 지적학과, 지질학과",측량및지형공간정보기술사,T069,943
1092,GIS전문가,"스마트정보과, 인터넷정보학과, 정보통신공학과, 지구정보공학과, 지리학과, 지적학과, 지질학과",지적기사,T031,944
1092,GIS전문가,"스마트정보과, 인터넷정보학과, 정보통신공학과, 지구정보공학과, 지리학과, 지적학과, 지질학과",지질 및 지반 기술사,,945
1093,가상현실전문가,"컴퓨터공학과, 컴퓨터과학과, 컴퓨터디자인학과, 컴퓨터소프트웨어과, 컴퓨터응용기계과",정보처리기사,T651,946
1093,가상현실전문가,"컴퓨터공학과, 컴퓨터과학과, 컴퓨터디자인학과, 컴퓨터소프트웨어과, 컴퓨터응용기계과",시각디자인산업기사,T469,947
1093,가상현실전문가,"컴퓨터공학과, 컴퓨터과학과, 컴퓨터디자인학과, 컴퓨터소프트웨어과, 컴퓨터응용기계과",시각디자인기사,T468,948
1093,가상현실전문가,"컴퓨터공학과, 컴퓨터과학과, 컴퓨터디자인학과, 컴퓨터소프트웨어과, 컴퓨터응용기계과",컴퓨터그래픽기능사,T082,949
1096,웹프로듀서,"멀티미디어과, 멀티미디어학과, 산업디자인과, 산업디자인학과, 시각디자인과, 시각디자인학과, 영상콘텐츠과, 정보통신공학과, 정보통신과, 컴퓨터공학과",,,950
1097,프로게이머,"게임공학과, 게임콘텐츠과",,,951
1100,군무원,,,,952
1101,신용관련추심원,,신용관리사,M087,953
1103,교육학연구원,"교육공학과, 교육학과",,,954
1104,철학연구원,철학과,,,955
1105,행정학연구원,"경찰행정학과, 보건행정학과, 행정학과",,,956
1107,안마사,,,,957
1108,위생사,"보건환경과, 환경시스템과",위생사,S188,958
1109,서예가,"동양화과, 미술학과, 회화학과",,,959
1110,도선사,"지구해양과학과, 해양공학과, 해양시스템학과",도선사,S099,960
1111,지게차운전원,,지게차운전기능사,T027,961
1112,선박갑판원,,운항사,S187,962
1112,선박갑판원,,항해사,S249,963
1113,방문판매원,,,,964
1114,상품대여원,,,,965
1115,주유원,,,,966
1116,계산원 및 매표원,,,,967
1117,청원경찰,"경찰행정과, 경찰행정학과, 경호스포츠과, 사회체육과, 사회체육학과, 체육학과, 행정학과",일반경비지도사,S201,968
1118,무인경비시스템종사원,"경찰행정과, 경찰행정학과, 경호스포츠과, 경호학과",,,969
1119,구두미화원 및 수선원,,,,970
1120,주차관리원,,자동차운전면허 1종,,971
1120,주차관리원,,자동차운전면허 2종,,972
1121,이용사,"미용과, 뷰티미용학과, 피부미용과",이용장,T563,973
1122,미용사,"미용과, 피부미용과",미용사(일반),T345,974
1122,미용사,"미용과, 피부미용과",미용장,T347,975
1125,선박 및 열차객실승무원,"관광경영과, 관광통역과, 문화관광과",,,976
1127,접객원,"관광경영과, 호텔경영과, 호텔외식경영과",,,977
1128,주방보조원,,한식조리기능사,T147,978
1128,주방보조원,,양식조리기능사,T504,979
1128,주방보조원,,중식조리기능사,T024,980
1128,주방보조원,,일식조리기능사,T569,981
1129,요리배달원,,,,982
1130,건설견적원,"건축공학과, 건축과, 건축학과, 토목공학과, 토목과",,,983
1131,전통건축원,"건축공학과, 건축과, 건축학과",국가유산수리기능자,,984
1131,전통건축원,"건축공학과, 건축과, 건축학과",국가유산수리기능자,,985
1132,단열원,"건축공학과, 금형설계과, 산업설비자동화과",,,986
1133,유리부착원,"건축공학과, 금형설계과, 산업설비자동화과",유리시공기능사,T548,987
1134,메카트로닉스공학기술자,메카트로닉스공학과,기계기술사,T287,988
1134,메카트로닉스공학기술자,메카트로닉스공학과,일반기계기사,T568,989
1134,메카트로닉스공학기술자,메카트로닉스공학과,자동화설비기능사,T590,990
1134,메카트로닉스공학기술자,메카트로닉스공학과,자동화설비산업기사,T592,991
1135,공구제조원,,,,992
1136,항공기·선박조립 및 검사원,항공정비과,조선산업기사,T012,993
1136,항공기·선박조립 및 검사원,항공정비과,조선기사,,994
1136,항공기·선박조립 및 검사원,항공정비과,선체건조기능사,T425,995
1136,항공기·선박조립 및 검사원,항공정비과,항공산업기사,T155,996
1136,항공기·선박조립 및 검사원,항공정비과,항공기사,T151,997
1136,항공기·선박조립 및 검사원,항공정비과,항공기체기술사,T153,998
1136,항공기·선박조립 및 검사원,항공정비과,항공기관기술사,T150,999
1137,제관원,,판금제관기능장,T111,1000
1137,제관원,,판금·제관기능사,,1001
1137,제관원,,판금제관산업기사,T112,1002
1138,샷시원,,,,1003
1139,단조원,"금속공학과, 제철금속과",금속재료산업기사,T276,1004
1139,단조원,"금속공학과, 제철금속과",금속재료기능장,T272,1005
1139,단조원,"금속공학과, 제철금속과",금속재료기술사,T275,1006
1140,도장원,"금속공학과, 화학공학과, 화학과",표면처리산업기사,T127,1007
1140,도장원,"금속공학과, 화학공학과, 화학과",표면처리기능장,T125,1008
1140,도장원,"금속공학과, 화학공학과, 화학과",표면처리기술사,T126,1009
1140,도장원,"금속공학과, 화학공학과, 화학과",금속도장기능사,T271,1010
1141,도금원,"금속공학과, 화학공학과, 화학과",표면처리산업기사,T127,1011
1141,도금원,"금속공학과, 화학공학과, 화학과",표면처리기능장,T125,1012
1141,도금원,"금속공학과, 화학공학과, 화학과",표면처리기술사,T126,1013
1142,의복수선원,,양복기능사,,1014
1142,의복수선원,,양장기능사,,1015
1144,발전장치조작원,"전기과, 전기전자과",전자산업기사,T635,1016
1144,발전장치조작원,"전기과, 전기전자과",전자기사,T632,1017
1144,발전장치조작원,"전기과, 전기전자과",원자력발전기술사,T538,1018
1144,발전장치조작원,"전기과, 전기전자과",원자력기사,T537,1019
1145,전기설비조작원,"전기과, 전기전자과, 전자과",전기공사산업기사,T603,1020
1145,전기설비조작원,"전기과, 전기전자과, 전자과",전기공사기사,T602,1021
1145,전기설비조작원,"전기과, 전기전자과, 전자과",전기산업기사,T609,1022
1145,전기설비조작원,"전기과, 전기전자과, 전자과",전기기사,T607,1023
1146,전기 부품 및 제품 생산직,,전기산업기사,T609,1024
1147,방송장비(H/W)설치 및 수리원,"전기전자과, 정보통신과",무선설비기능사,T340,1025
1147,방송장비(H/W)설치 및 수리원,"전기전자과, 정보통신과",무선설비산업기사,T342,1026
1147,방송장비(H/W)설치 및 수리원,"전기전자과, 정보통신과",무선설비기사,T341,1027
1147,방송장비(H/W)설치 및 수리원,"전기전자과, 정보통신과",방송통신기능사,T361,1028
1147,방송장비(H/W)설치 및 수리원,"전기전자과, 정보통신과",방송통신산업기사,T363,1029
1147,방송장비(H/W)설치 및 수리원,"전기전자과, 정보통신과",방송통신기사,T362,1030
1148,통신설비설치 및 수리원,"전기과, 전기전자과, 전자과, 정보통신과",정보통신산업기사,T656,1031
1148,통신설비설치 및 수리원,"전기과, 전기전자과, 전자과, 정보통신과",정보통신기사,T654,1032
1148,통신설비설치 및 수리원,"전기과, 전기전자과, 전자과, 정보통신과",정보통신기술사,T655,1033
1149,음료제조관련조작원,,,,1034
1150,식품가공검사원,,,,1035
1151,종이제품생산직(기계조작),,,,1036
1152,가구조립 및 검사원,,가구제작기능사,T190,1037
1152,가구조립 및 검사원,,목공예기능사,T337,1038
1154,채소 및 특용작물재배자,"농수산과, 식물자원학과",농기계정비기능사,T302,1039
1154,채소 및 특용작물재배자,"농수산과, 식물자원학과",농기계운전기능사,T301,1040
1154,채소 및 특용작물재배자,"농수산과, 식물자원학과",농업기계산업기사,T308,1041
1154,채소 및 특용작물재배자,"농수산과, 식물자원학과",농업기계기사,T307,1042
1155,과수작물재배자,"농수산과, 식물자원학과, 원예과, 원예학과",시설원예기사,T471,1043
1155,과수작물재배자,"농수산과, 식물자원학과, 원예과, 원예학과",시설원예기술사,T473,1044
1156,조림 영림 및 벌목원,산림자원학과,종자기능사,T017,1045
1156,조림 영림 및 벌목원,산림자원학과,종자산업기사,T020,1046
1156,조림 영림 및 벌목원,산림자원학과,종자기사,T018,1047
1156,조림 영림 및 벌목원,산림자원학과,종자기술사,T019,1048
1156,조림 영림 및 벌목원,산림자원학과,임업종묘기능사,T578,1049
1156,조림 영림 및 벌목원,산림자원학과,임업종묘기사,T579,1050
1156,조림 영림 및 벌목원,산림자원학과,산림산업기사,T408,1051
1156,조림 영림 및 벌목원,산림자원학과,산림기술사,T407,1052
1156,조림 영림 및 벌목원,산림자원학과,산림기사,T406,1053
1157,원양어부,,잠수산업기사,T600,1054
1157,원양어부,,어로산업기사,T508,1055
1157,원양어부,,어업기술사,T510,1056
1157,원양어부,,잠수기능사,T598,1057
1157,원양어부,,어업생산관리기사,T511,1058
1158,자동조립라인 및 산업용로봇조작원,"기계공학과, 기계과, 기계설계공학과, 컴퓨터응용기계과",,,1059
1255,수질환경연구원,"환경공학과, 환경과학과, 환경보건학과",수질환경산업기사,T461,1060
1255,수질환경연구원,"환경공학과, 환경과학과, 환경보건학과",수질환경기사,T460,1061
1255,수질환경연구원,"환경공학과, 환경과학과, 환경보건학과",수질관리기술사,T457,1062
1256,커플매니저,"미용과, 이벤트연출과, 패션디자인과",,,1063
1257,병원코디네이터,"보건관리학과, 보건행정과, 보건행정학과, 비서행정과, 비서행정학과",,,1064
1259,마술사,레크리에이션과,,,1065
1276,파티플래너,"광고홍보학과, 방송연예과, 비서행정과, 실용음악학과, 연극영화학과",,,1066
1277,건축사,"건축공학과, 건축과, 건축학과, 실내디자인과, 실내디자인학과",건축사,S274,1067
1278,행정부고위공무원,"경영학과, 법학과, 행정과, 행정학과",,,1068
1279,헤드헌터,"경영학과, 국제학부, 사회학과, 신문방송학과, 정치외교학과",,,1069
1281,환경영향평가원,"산림자원학과, 해양공학과, 화학공학과, 환경공학과, 환경과학과",,,1070
1282,대체에너지개발연구원,"금속공학과, 에너지자원공학과, 재료공학과, 전자공학과, 화학공학과, 환경공학과",,,1071
1431,음악강사,"기악과, 실용음악과, 음악과, 음악교육과, 음악학과, 피아노학과",,,1072
1432,베타테스터,"게임콘텐츠과, 컴퓨터공학과, 컴퓨터과학과, 컴퓨터소프트웨어과",,,1073
1433,발명가,벤처창업학과,,,1074
1436,신약개발연구원,"생명공학과, 생명과학과, 생화학과, 유전공학과, 화학공학과",,,1075
1437,스포츠해설가,체육학과,,,1076
1438,카레이서,자동차과,국내 경기 선수 라이선스 A,,1077
1438,카레이서,자동차과,국내 경기 선수 라이선스 B,,1078
1438,카레이서,자동차과,국내 경기 선수 라이선스 C,,1079
1438,카레이서,자동차과,카트 선수 라이선스 A B,,1080
1438,카레이서,자동차과,카트 선수 라이선스 C,,1081
1439,캐스팅디렉터,"방송연예과, 연극영화과, 연극영화학과, 영화과",,,1082
1441,작가,"국어국문학과, 문예창작과, 문예창작학과",,,1083
1541,자연과학연구원,"대기과학과, 물리학과, 수학과, 지리학과, 지질학과, 천문학과, 통계학과, 화학과",,,1084