relation_id,cert_id,roadmap_stage_id,cert_grade_tier,is_active
c2rs_00001,cert_0001,roadmap_stage_0005,4_기술사,True
c2rs_00002,cert_0002,roadmap_stage_0005,4_기술사,True
c2rs_00003,cert_0003,roadmap_stage_0005,4_기술사,True
c2rs_00004,cert_0004,roadmap_stage_0005,4_기술사,True
c2rs_00005,cert_0005,roadmap_stage_0005,4_기술사,True
c2rs_00006,cert_0006,roadmap_stage_0005,4_기술사,True
c2rs_00007,cert_0007,roadmap_stage_0005,4_기술사,True
c2rs_00008,cert_0008,roadmap_stage_0005,4_기술사,True
c2rs_00009,cert_0009,roadmap_stage_0005,4_기술사,True
c2rs_00010,cert_0010,roadmap_stage_0005,4_기술사,True
c2rs_00011,cert_0011,roadmap_stage_0005,4_기술사,True
c2rs_00012,cert_0012,roadmap_stage_0005,4_기술사,True
c2rs_00013,cert_0013,roadmap_stage_0005,4_기술사,True
c2rs_00014,cert_0014,roadmap_stage_0005,4_기술사,True
c2rs_00015,cert_0015,roadmap_stage_0005,4_기술사,True
c2rs_00016,cert_0016,roadmap_stage_0005,4_기술사,True
c2rs_00017,cert_0017,roadmap_stage_0005,4_기술사,True
c2rs_00018,cert_0018,roadmap_stage_0005,4_기술사,True
c2rs_00019,cert_0019,roadmap_stage_0005,4_기술사,True
c2rs_00020,cert_0020,roadmap_stage_0005,4_기술사,True
c2rs_00021,cert_0021,roadmap_stage_0005,4_기술사,True
c2rs_00022,cert_0022,roadmap_stage_0005,4_기술사,True
c2rs_00023,cert_0023,roadmap_stage_0005,4_기술사,True
c2rs_00024,cert_0024,roadmap_stage_0005,4_기술사,True
c2rs_00025,cert_0025,roadmap_stage_0005,4_기술사,True
c2rs_00026,cert_0026,roadmap_stage_0005,4_기술사,True
c2rs_00027,cert_0027,roadmap_stage_0005,4_기술사,True
c2rs_00028,cert_0028,roadmap_stage_0005,4_기술사,True
c2rs_00029,cert_0029,roadmap_stage_0005,4_기술사,True
c2rs_00030,cert_0030,roadmap_stage_0005,4_기술사,True
c2rs_00031,cert_0031,roadmap_stage_0005,4_기술사,True
c2rs_00032,cert_0032,roadmap_stage_0005,4_기술사,True
c2rs_00033,cert_0033,roadmap_stage_0005,4_기술사,True
c2rs_00034,cert_0034,roadmap_stage_0005,4_기술사,True
c2rs_00035,cert_0035,roadmap_stage_0005,4_기술사,True
c2rs_00036,cert_0036,roadmap_stage_0005,4_기술사,True
c2rs_00037,cert_0037,roadmap_stage_0005,4_기술사,True
c2rs_00038,cert_0038,roadmap_stage_0005,4_기술사,True
c2rs_00039,cert_0039,roadmap_stage_0005,4_기술사,True
c2rs_00040,cert_0040,roadmap_stage_0005,4_기술사,True
c2rs_00041,cert_0041,roadmap_stage_0005,4_기술사,True
c2rs_00042,cert_0042,roadmap_stage_0005,4_기술사,True
c2rs_00043,cert_0043,roadmap_stage_0005,4_기술사,True
c2rs_00044,cert_0044,roadmap_stage_0005,4_기술사,True
c2rs_00045,cert_0045,roadmap_stage_0005,4_기술사,True
c2rs_00046,cert_0046,roadmap_stage_0005,4_기술사,True
c2rs_00047,cert_0047,roadmap_stage_0005,4_기술사,True
c2rs_00048,cert_0048,roadmap_stage_0005,4_기술사,True
c2rs_00049,cert_0049,roadmap_stage_0005,4_기술사,True
c2rs_00050,cert_0050,roadmap_stage_0005,4_기술사,True
c2rs_00051,cert_0051,roadmap_stage_0005,4_기술사,True
c2rs_00052,cert_0052,roadmap_stage_0005,4_기술사,True
c2rs_00053,cert_0053,roadmap_stage_0005,4_기술사,True
c2rs_00054,cert_0054,roadmap_stage_0005,4_기술사,True
c2rs_00055,cert_0055,roadmap_stage_0005,4_기술사,True
c2rs_00056,cert_0056,roadmap_stage_0005,4_기술사,True
c2rs_00057,cert_0057,roadmap_stage_0005,4_기술사,True
c2rs_00058,cert_0058,roadmap_stage_0005,4_기술사,True
c2rs_00059,cert_0059,roadmap_stage_0005,4_기술사,True
c2rs_00060,cert_0060,roadmap_stage_0005,4_기술사,True
c2rs_00061,cert_0061,roadmap_stage_0005,4_기술사,True
c2rs_00062,cert_0062,roadmap_stage_0005,4_기술사,True
c2rs_00063,cert_0063,roadmap_stage_0005,4_기술사,True
c2rs_00064,cert_0064,roadmap_stage_0005,4_기술사,True
c2rs_00065,cert_0065,roadmap_stage_0005,4_기술사,True
c2rs_00066,cert_0066,roadmap_stage_0005,4_기술사,True
c2rs_00067,cert_0067,roadmap_stage_0005,4_기술사,True
c2rs_00068,cert_0068,roadmap_stage_0005,4_기술사,True
c2rs_00069,cert_0069,roadmap_stage_0005,4_기술사,True
c2rs_00070,cert_0070,roadmap_stage_0005,4_기술사,True
c2rs_00071,cert_0071,roadmap_stage_0005,4_기술사,True
c2rs_00072,cert_0072,roadmap_stage_0005,4_기술사,True
c2rs_00073,cert_0073,roadmap_stage_0005,4_기술사,True
c2rs_00074,cert_0074,roadmap_stage_0005,4_기술사,True
c2rs_00075,cert_0075,roadmap_stage_0005,4_기술사,True
c2rs_00076,cert_0076,roadmap_stage_0005,4_기술사,True
c2rs_00077,cert_0077,roadmap_stage_0005,4_기술사,True
c2rs_00078,cert_0078,roadmap_stage_0005,4_기술사,True
c2rs_00079,cert_0079,roadmap_stage_0005,4_기술사,True
c2rs_00080,cert_0080,roadmap_stage_0005,4_기술사,True
c2rs_00081,cert_0081,roadmap_stage_0005,4_기술사,True
c2rs_00082,cert_0082,roadmap_stage_0005,4_기술사,True
c2rs_00083,cert_0083,roadmap_stage_0005,4_기술사,True
c2rs_00084,cert_0084,roadmap_stage_0005,4_기술사,True
c2rs_00085,cert_0085,roadmap_stage_0005,4_기술사,True
c2rs_00086,cert_0086,roadmap_stage_0005,4_기술사,True
c2rs_00087,cert_0087,roadmap_stage_0005,4_기술사,True
c2rs_00088,cert_0088,roadmap_stage_0005,4_기술사,True
c2rs_00089,cert_0089,roadmap_stage_0005,4_기술사,True
c2rs_00090,cert_0090,roadmap_stage_0004,3_기사,True
c2rs_00091,cert_0091,roadmap_stage_0004,3_기사,True
c2rs_00092,cert_0092,roadmap_stage_0004,3_기사,True
c2rs_00093,cert_0093,roadmap_stage_0004,3_기사,True
c2rs_00094,cert_0094,roadmap_stage_0004,3_기사,True
c2rs_00095,cert_0095,roadmap_stage_0004,3_기사,True
c2rs_00096,cert_0096,roadmap_stage_0004,3_기사,True
c2rs_00097,cert_0097,roadmap_stage_0004,3_기사,True
c2rs_00098,cert_0098,roadmap_stage_0004,3_기사,True
c2rs_00099,cert_0099,roadmap_stage_0004,3_기사,True
c2rs_00100,cert_0100,roadmap_stage_0004,3_기사,True
c2rs_00101,cert_0101,roadmap_stage_0004,3_기사,True
c2rs_00102,cert_0102,roadmap_stage_0004,3_기사,True
c2rs_00103,cert_0103,roadmap_stage_0004,3_기사,True
c2rs_00104,cert_0104,roadmap_stage_0004,3_기사,True
c2rs_00105,cert_0105,roadmap_stage_0004,3_기사,True
c2rs_00106,cert_0106,roadmap_stage_0004,3_기사,True
c2rs_00107,cert_0107,roadmap_stage_0004,3_기사,True
c2rs_00108,cert_0108,roadmap_stage_0004,3_기사,True
c2rs_00109,cert_0109,roadmap_stage_0004,3_기사,True
c2rs_00110,cert_0110,roadmap_stage_0004,3_기사,True
c2rs_00111,cert_0111,roadmap_stage_0004,3_기사,True
c2rs_00112,cert_0112,roadmap_stage_0004,3_기사,True
c2rs_00113,cert_0113,roadmap_stage_0004,3_기사,True
c2rs_00114,cert_0114,roadmap_stage_0004,3_기사,True
c2rs_00115,cert_0115,roadmap_stage_0004,3_기사,True
c2rs_00116,cert_0116,roadmap_stage_0004,3_기사,True
c2rs_00117,cert_0117,roadmap_stage_0004,3_기사,True
c2rs_00118,cert_0118,roadmap_stage_0004,3_기사,True
c2rs_00119,cert_0119,roadmap_stage_0004,3_기사,True
c2rs_00120,cert_0120,roadmap_stage_0004,3_기사,True
c2rs_00121,cert_0121,roadmap_stage_0004,3_기사,True
c2rs_00122,cert_0122,roadmap_stage_0004,3_기사,True
c2rs_00123,cert_0123,roadmap_stage_0004,3_기사,True
c2rs_00124,cert_0124,roadmap_stage_0004,3_기사,True
c2rs_00125,cert_0125,roadmap_stage_0004,3_기사,True
c2rs_00126,cert_0126,roadmap_stage_0004,3_기사,True
c2rs_00127,cert_0127,roadmap_stage_0004,3_기사,True
c2rs_00128,cert_0128,roadmap_stage_0004,3_기사,True
c2rs_00129,cert_0129,roadmap_stage_0004,3_기사,True
c2rs_00130,cert_0130,roadmap_stage_0004,3_기사,True
c2rs_00131,cert_0131,roadmap_stage_0004,3_기사,True
c2rs_00132,cert_0132,roadmap_stage_0004,3_기사,True
c2rs_00133,cert_0133,roadmap_stage_0004,3_기사,True
c2rs_00134,cert_0134,roadmap_stage_0004,3_기사,True
c2rs_00135,cert_0135,roadmap_stage_0004,3_기사,True
c2rs_00136,cert_0136,roadmap_stage_0004,3_기사,True
c2rs_00137,cert_0137,roadmap_stage_0004,3_기사,True
c2rs_00138,cert_0138,roadmap_stage_0004,3_기사,True
c2rs_00139,cert_0139,roadmap_stage_0004,3_기사,True
c2rs_00140,cert_0140,roadmap_stage_0004,3_기사,True
c2rs_00141,cert_0141,roadmap_stage_0004,3_기사,True
c2rs_00142,cert_0142,roadmap_stage_0004,3_기사,True
c2rs_00143,cert_0143,roadmap_stage_0004,3_기사,True
c2rs_00144,cert_0144,roadmap_stage_0004,3_기사,True
c2rs_00145,cert_0145,roadmap_stage_0004,3_기사,True
c2rs_00146,cert_0146,roadmap_stage_0004,3_기사,True
c2rs_00147,cert_0147,roadmap_stage_0004,3_기사,True
c2rs_00148,cert_0148,roadmap_stage_0004,3_기사,True
c2rs_00149,cert_0149,roadmap_stage_0004,3_기사,True
c2rs_00150,cert_0150,roadmap_stage_0004,3_기사,True
c2rs_00151,cert_0151,roadmap_stage_0004,3_기사,True
c2rs_00152,cert_0152,roadmap_stage_0004,3_기사,True
c2rs_00153,cert_0153,roadmap_stage_0004,3_기사,True
c2rs_00154,cert_0154,roadmap_stage_0004,3_기사,True
c2rs_00155,cert_0155,roadmap_stage_0004,3_기사,True
c2rs_00156,cert_0156,roadmap_stage_0004,3_기사,True
c2rs_00157,cert_0157,roadmap_stage_0004,3_기사,True
c2rs_00158,cert_0158,roadmap_stage_0004,3_기사,True
c2rs_00159,cert_0159,roadmap_stage_0004,3_기사,True
c2rs_00160,cert_0160,roadmap_stage_0004,3_기사,True
c2rs_00161,cert_0161,roadmap_stage_0004,3_기사,True
c2rs_00162,cert_0162,roadmap_stage_0004,3_기사,True
c2rs_00163,cert_0163,roadmap_stage_0004,3_기사,True
c2rs_00164,cert_0164,roadmap_stage_0004,3_기사,True
c2rs_00165,cert_0165,roadmap_stage_0004,3_기사,True
c2rs_00166,cert_0166,roadmap_stage_0004,3_기사,True
c2rs_00167,cert_0167,roadmap_stage_0004,3_기사,True
c2rs_00168,cert_0168,roadmap_stage_0004,3_기사,True
c2rs_00169,cert_0169,roadmap_stage_0004,3_기사,True
c2rs_00170,cert_0170,roadmap_stage_0004,3_기사,True
c2rs_00171,cert_0171,roadmap_stage_0004,3_기사,True
c2rs_00172,cert_0172,roadmap_stage_0004,3_기사,True
c2rs_00173,cert_0173,roadmap_stage_0004,3_기사,True
c2rs_00174,cert_0174,roadmap_stage_0004,3_기사,True
c2rs_00175,cert_0175,roadmap_stage_0004,3_기사,True
c2rs_00176,cert_0176,roadmap_stage_0004,3_기사,True
c2rs_00177,cert_0177,roadmap_stage_0004,3_기사,True
c2rs_00178,cert_0178,roadmap_stage_0004,3_기사,True
c2rs_00179,cert_0179,roadmap_stage_0004,3_기사,True
c2rs_00180,cert_0180,roadmap_stage_0004,3_기사,True
c2rs_00181,cert_0181,roadmap_stage_0004,3_기사,True
c2rs_00182,cert_0182,roadmap_stage_0004,3_기사,True
c2rs_00183,cert_0183,roadmap_stage_0004,3_기사,True
c2rs_00184,cert_0184,roadmap_stage_0004,3_기사,True
c2rs_00185,cert_0185,roadmap_stage_0004,3_기사,True
c2rs_00186,cert_0186,roadmap_stage_0004,3_기사,True
c2rs_00187,cert_0187,roadmap_stage_0004,3_기사,True
c2rs_00188,cert_0188,roadmap_stage_0004,3_기사,True
c2rs_00189,cert_0189,roadmap_stage_0004,2_산업기사,True
c2rs_00190,cert_0190,roadmap_stage_0004,3_기사,True
c2rs_00191,cert_0191,roadmap_stage_0004,3_기사,True
c2rs_00192,cert_0192,roadmap_stage_0004,3_기사,True
c2rs_00193,cert_0193,roadmap_stage_0004,3_기사,True
c2rs_00194,cert_0194,roadmap_stage_0004,3_기사,True
c2rs_00195,cert_0195,roadmap_stage_0004,3_기사,True
c2rs_00196,cert_0196,roadmap_stage_0004,3_기사,True
c2rs_00197,cert_0197,roadmap_stage_0004,3_기사,True
c2rs_00198,cert_0198,roadmap_stage_0004,3_기사,True
c2rs_00199,cert_0199,roadmap_stage_0004,3_기사,True
c2rs_00200,cert_0200,roadmap_stage_0004,3_기사,True
c2rs_00201,cert_0201,roadmap_stage_0004,3_기사,True
c2rs_00202,cert_0202,roadmap_stage_0004,3_기사,True
c2rs_00203,cert_0203,roadmap_stage_0004,3_기사,True
c2rs_00204,cert_0204,roadmap_stage_0004,3_기사,True
c2rs_00205,cert_0205,roadmap_stage_0004,3_기사,True
c2rs_00206,cert_0206,roadmap_stage_0004,3_기사,True
c2rs_00207,cert_0207,roadmap_stage_0004,3_기사,True
c2rs_00208,cert_0208,roadmap_stage_0004,3_기사,True
c2rs_00209,cert_0209,roadmap_stage_0004,3_기사,True
c2rs_00210,cert_0210,roadmap_stage_0004,3_기사,True
c2rs_00211,cert_0211,roadmap_stage_0004,3_기사,True
c2rs_00212,cert_0212,roadmap_stage_0004,3_기사,True
c2rs_00213,cert_0213,roadmap_stage_0004,3_기사,True
c2rs_00214,cert_0214,roadmap_stage_0004,3_기사,True
c2rs_00215,cert_0215,roadmap_stage_0004,2_산업기사,True
c2rs_00216,cert_0216,roadmap_stage_0004,2_산업기사,True
c2rs_00217,cert_0217,roadmap_stage_0004,2_산업기사,True
c2rs_00218,cert_0218,roadmap_stage_0004,2_산업기사,True
c2rs_00219,cert_0219,roadmap_stage_0004,2_산업기사,True
c2rs_00220,cert_0220,roadmap_stage_0004,2_산업기사,True
c2rs_00221,cert_0221,roadmap_stage_0004,2_산업기사,True
c2rs_00222,cert_0222,roadmap_stage_0004,2_산업기사,True
c2rs_00223,cert_0223,roadmap_stage_0004,2_산업기사,True
c2rs_00224,cert_0224,roadmap_stage_0004,2_산업기사,True
c2rs_00225,cert_0225,roadmap_stage_0004,2_산업기사,True
c2rs_00226,cert_0226,roadmap_stage_0004,2_산업기사,True
c2rs_00227,cert_0227,roadmap_stage_0004,2_산업기사,True
c2rs_00228,cert_0228,roadmap_stage_0004,2_산업기사,True
c2rs_00229,cert_0229,roadmap_stage_0004,2_산업기사,True
c2rs_00230,cert_0230,roadmap_stage_0004,2_산업기사,True
c2rs_00231,cert_0231,roadmap_stage_0004,2_산업기사,True
c2rs_00232,cert_0232,roadmap_stage_0004,2_산업기사,True
c2rs_00233,cert_0233,roadmap_stage_0004,2_산업기사,True
c2rs_00234,cert_0234,roadmap_stage_0004,2_산업기사,True
c2rs_00235,cert_0235,roadmap_stage_0004,2_산업기사,True
c2rs_00236,cert_0236,roadmap_stage_0004,2_산업기사,True
c2rs_00237,cert_0237,roadmap_stage_0004,2_산업기사,True
c2rs_00238,cert_0238,roadmap_stage_0004,2_산업기사,True
c2rs_00239,cert_0239,roadmap_stage_0004,2_산업기사,True
c2rs_00240,cert_0240,roadmap_stage_0004,2_산업기사,True
c2rs_00241,cert_0241,roadmap_stage_0004,2_산업기사,True
c2rs_00242,cert_0242,roadmap_stage_0004,2_산업기사,True
c2rs_00243,cert_0243,roadmap_stage_0004,2_산업기사,True
c2rs_00244,cert_0244,roadmap_stage_0004,2_산업기사,True
c2rs_00245,cert_0245,roadmap_stage_0004,2_산업기사,True
c2rs_00246,cert_0246,roadmap_stage_0004,2_산업기사,True
c2rs_00247,cert_0247,roadmap_stage_0004,2_산업기사,True
c2rs_00248,cert_0248,roadmap_stage_0004,2_산업기사,True
c2rs_00249,cert_0249,roadmap_stage_0004,2_산업기사,True
c2rs_00250,cert_0250,roadmap_stage_0004,2_산업기사,True
c2rs_00251,cert_0251,roadmap_stage_0004,2_산업기사,True
c2rs_00252,cert_0252,roadmap_stage_0004,2_산업기사,True
c2rs_00253,cert_0253,roadmap_stage_0004,2_산업기사,True
c2rs_00254,cert_0254,roadmap_stage_0004,2_산업기사,True
c2rs_00255,cert_0255,roadmap_stage_0004,2_산업기사,True
c2rs_00256,cert_0256,roadmap_stage_0004,2_산업기사,True
c2rs_00257,cert_0257,roadmap_stage_0004,2_산업기사,True
c2rs_00258,cert_0258,roadmap_stage_0004,2_산업기사,True
c2rs_00259,cert_0259,roadmap_stage_0004,2_산업기사,True
c2rs_00260,cert_0260,roadmap_stage_0004,2_산업기사,True
c2rs_00261,cert_0261,roadmap_stage_0004,2_산업기사,True
c2rs_00262,cert_0262,roadmap_stage_0004,2_산업기사,True
c2rs_00263,cert_0263,roadmap_stage_0004,2_산업기사,True
c2rs_00264,cert_0264,roadmap_stage_0004,2_산업기사,True
c2rs_00265,cert_0265,roadmap_stage_0004,2_산업기사,True
c2rs_00266,cert_0266,roadmap_stage_0004,2_산업기사,True
c2rs_00267,cert_0267,roadmap_stage_0004,2_산업기사,True
c2rs_00268,cert_0268,roadmap_stage_0004,2_산업기사,True
c2rs_00269,cert_0269,roadmap_stage_0004,2_산업기사,True
c2rs_00270,cert_0270,roadmap_stage_0004,2_산업기사,True
c2rs_00271,cert_0271,roadmap_stage_0004,2_산업기사,True
c2rs_00272,cert_0272,roadmap_stage_0004,2_산업기사,True
c2rs_00273,cert_0273,roadmap_stage_0004,2_산업기사,True
c2rs_00274,cert_0274,roadmap_stage_0004,2_산업기사,True
c2rs_00275,cert_0275,roadmap_stage_0004,2_산업기사,True
c2rs_00276,cert_0276,roadmap_stage_0004,2_산업기사,True
c2rs_00277,cert_0277,roadmap_stage_0004,2_산업기사,True
c2rs_00278,cert_0278,roadmap_stage_0004,2_산업기사,True
c2rs_00279,cert_0279,roadmap_stage_0004,2_산업기사,True
c2rs_00280,cert_0280,roadmap_stage_0004,2_산업기사,True
c2rs_00281,cert_0281,roadmap_stage_0004,2_산업기사,True
c2rs_00282,cert_0282,roadmap_stage_0004,2_산업기사,True
c2rs_00283,cert_0283,roadmap_stage_0004,2_산업기사,True
c2rs_00284,cert_0284,roadmap_stage_0004,2_산업기사,True
c2rs_00285,cert_0285,roadmap_stage_0004,2_산업기사,True
c2rs_00286,cert_0286,roadmap_stage_0004,2_산업기사,True
c2rs_00287,cert_0287,roadmap_stage_0004,2_산업기사,True
c2rs_00288,cert_0288,roadmap_stage_0004,2_산업기사,True
c2rs_00289,cert_0289,roadmap_stage_0004,2_산업기사,True
c2rs_00290,cert_0290,roadmap_stage_0004,2_산업기사,True
c2rs_00291,cert_0291,roadmap_stage_0004,2_산업기사,True
c2rs_00292,cert_0292,roadmap_stage_0004,2_산업기사,True
c2rs_00293,cert_0293,roadmap_stage_0004,2_산업기사,True
c2rs_00294,cert_0294,roadmap_stage_0004,2_산업기사,True
c2rs_00295,cert_0295,roadmap_stage_0004,2_산업기사,True
c2rs_00296,cert_0296,roadmap_stage_0004,2_산업기사,True
c2rs_00297,cert_0297,roadmap_stage_0004,2_산업기사,True
c2rs_00298,cert_0298,roadmap_stage_0004,2_산업기사,True
c2rs_00299,cert_0299,roadmap_stage_0004,2_산업기사,True
c2rs_00300,cert_0300,roadmap_stage_0004,2_산업기사,True
c2rs_00301,cert_0301,roadmap_stage_0004,2_산업기사,True
c2rs_00302,cert_0302,roadmap_stage_0004,2_산업기사,True
c2rs_00303,cert_0303,roadmap_stage_0004,2_산업기사,True
c2rs_00304,cert_0304,roadmap_stage_0004,2_산업기사,True
c2rs_00305,cert_0305,roadmap_stage_0004,2_산업기사,True
c2rs_00306,cert_0306,roadmap_stage_0004,2_산업기사,True
c2rs_00307,cert_0307,roadmap_stage_0004,2_산업기사,True
c2rs_00308,cert_0308,roadmap_stage_0004,2_산업기사,True
c2rs_00309,cert_0309,roadmap_stage_0004,2_산업기사,True
c2rs_00310,cert_0310,roadmap_stage_0004,2_산업기사,True
c2rs_00311,cert_0311,roadmap_stage_0004,2_산업기사,True
c2rs_00312,cert_0312,roadmap_stage_0004,2_산업기사,True
c2rs_00313,cert_0313,roadmap_stage_0004,2_산업기사,True
c2rs_00314,cert_0314,roadmap_stage_0004,2_산업기사,True
c2rs_00315,cert_0315,roadmap_stage_0004,2_산업기사,True
c2rs_00316,cert_0316,roadmap_stage_0004,2_산업기사,True
c2rs_00317,cert_0317,roadmap_stage_0004,2_산업기사,True
c2rs_00318,cert_0318,roadmap_stage_0004,2_산업기사,True
c2rs_00319,cert_0319,roadmap_stage_0004,2_산업기사,True
c2rs_00320,cert_0320,roadmap_stage_0004,2_산업기사,True
c2rs_00321,cert_0321,roadmap_stage_0004,2_산업기사,True
c2rs_00322,cert_0322,roadmap_stage_0004,2_산업기사,True
c2rs_00323,cert_0323,roadmap_stage_0004,2_산업기사,True
c2rs_00324,cert_0324,roadmap_stage_0004,2_산업기사,True
c2rs_00325,cert_0325,roadmap_stage_0004,2_산업기사,True
c2rs_00326,cert_0326,roadmap_stage_0004,2_산업기사,True
c2rs_00327,cert_0327,roadmap_stage_0004,2_산업기사,True
c2rs_00328,cert_0328,roadmap_stage_0004,2_산업기사,True
c2rs_00329,cert_0329,roadmap_stage_0004,2_산업기사,True
c2rs_00330,cert_0330,roadmap_stage_0004,2_산업기사,True
c2rs_00331,cert_0331,roadmap_stage_0004,2_산업기사,True
c2rs_00332,cert_0332,roadmap_stage_0004,2_산업기사,True
c2rs_00333,cert_0333,roadmap_stage_0004,2_산업기사,True
c2rs_00334,cert_0334,roadmap_stage_0004,2_산업기사,True
c2rs_00335,cert_0335,roadmap_stage_0004,2_산업기사,True
c2rs_00336,cert_0336,roadmap_stage_0004,2_산업기사,True
c2rs_00337,cert_0337,roadmap_stage_0004,2_산업기사,True
c2rs_00338,cert_0338,roadmap_stage_0004,2_산업기사,True
c2rs_00339,cert_0339,roadmap_stage_0004,2_산업기사,True
c2rs_00340,cert_0340,roadmap_stage_0004,2_산업기사,True
c2rs_00341,cert_0341,roadmap_stage_0004,2_산업기사,True
c2rs_00342,cert_0342,roadmap_stage_0004,2_산업기사,True
c2rs_00343,cert_0343,roadmap_stage_0004,2_산업기사,True
c2rs_00344,cert_0344,roadmap_stage_0004,2_산업기사,True
c2rs_00345,cert_0345,roadmap_stage_0004,2_산업기사,True
c2rs_00346,cert_0346,roadmap_stage_0004,2_산업기사,True
c2rs_00347,cert_0347,roadmap_stage_0004,2_산업기사,True
c2rs_00348,cert_0348,roadmap_stage_0004,2_산업기사,True
c2rs_00349,cert_0349,roadmap_stage_0004,2_산업기사,True
c2rs_00350,cert_0350,roadmap_stage_0004,2_산업기사,True
c2rs_00351,cert_0351,roadmap_stage_0004,2_산업기사,True
c2rs_00352,cert_0352,roadmap_stage_0005,5_기능장,True
c2rs_00353,cert_0353,roadmap_stage_0005,5_기능장,True
c2rs_00354,cert_0354,roadmap_stage_0005,5_기능장,True
c2rs_00355,cert_0355,roadmap_stage_0005,5_기능장,True
c2rs_00356,cert_0356,roadmap_stage_0005,5_기능장,True
c2rs_00357,cert_0357,roadmap_stage_0005,5_기능장,True
c2rs_00358,cert_0358,roadmap_stage_0005,5_기능장,True
c2rs_00359,cert_0359,roadmap_stage_0005,5_기능장,True
c2rs_00360,cert_0360,roadmap_stage_0005,5_기능장,True
c2rs_00361,cert_0361,roadmap_stage_0005,5_기능장,True
c2rs_00362,cert_0362,roadmap_stage_0005,5_기능장,True
c2rs_00363,cert_0363,roadmap_stage_0005,5_기능장,True
c2rs_00364,cert_0364,roadmap_stage_0005,5_기능장,True
c2rs_00365,cert_0365,roadmap_stage_0005,5_기능장,True
c2rs_00366,cert_0366,roadmap_stage_0005,5_기능장,True
c2rs_00367,cert_0367,roadmap_stage_0005,5_기능장,True
c2rs_00368,cert_0368,roadmap_stage_0005,5_기능장,True
c2rs_00369,cert_0369,roadmap_stage_0005,5_기능장,True
c2rs_00370,cert_0370,roadmap_stage_0005,5_기능장,True
c2rs_00371,cert_0371,roadmap_stage_0005,5_기능장,True
c2rs_00372,cert_0372,roadmap_stage_0005,5_기능장,True
c2rs_00373,cert_0373,roadmap_stage_0005,5_기능장,True
c2rs_00374,cert_0374,roadmap_stage_0005,5_기능장,True
c2rs_00375,cert_0375,roadmap_stage_0005,5_기능장,True
c2rs_00376,cert_0376,roadmap_stage_0005,5_기능장,True
c2rs_00377,cert_0377,roadmap_stage_0005,5_기능장,True
c2rs_00378,cert_0378,roadmap_stage_0005,5_기능장,True
c2rs_00379,cert_0379,roadmap_stage_0005,5_기능장,True
c2rs_00380,cert_0380,roadmap_stage_0005,5_기능장,True
c2rs_00381,cert_0381,roadmap_stage_0005,5_기능장,True
c2rs_00382,cert_0382,roadmap_stage_0005,5_기능장,True
c2rs_00383,cert_0383,roadmap_stage_0005,5_기능장,True
c2rs_00384,cert_0384,roadmap_stage_0005,5_기능장,True
c2rs_00385,cert_0385,roadmap_stage_0005,5_기능장,True
c2rs_00386,cert_0386,roadmap_stage_0005,5_기능장,True
c2rs_00387,cert_0387,roadmap_stage_0005,5_기능장,True
c2rs_00388,cert_0388,roadmap_stage_0005,5_기능장,True
c2rs_00389,cert_0389,roadmap_stage_0005,5_기능장,True
c2rs_00390,cert_0390,roadmap_stage_0004,2_산업기사,True
c2rs_00391,cert_0391,roadmap_stage_0004,2_산업기사,True
c2rs_00392,cert_0392,roadmap_stage_0004,2_산업기사,True
c2rs_00393,cert_0393,roadmap_stage_0004,2_산업기사,True
c2rs_00394,cert_0394,roadmap_stage_0004,2_산업기사,True
c2rs_00395,cert_0395,roadmap_stage_0004,2_산업기사,True
c2rs_00396,cert_0396,roadmap_stage_0004,2_산업기사,True
c2rs_00397,cert_0397,roadmap_stage_0004,2_산업기사,True
c2rs_00398,cert_0398,roadmap_stage_0004,2_산업기사,True
c2rs_00399,cert_0399,roadmap_stage_0004,2_산업기사,True
c2rs_00400,cert_0400,roadmap_stage_0004,2_산업기사,True
c2rs_00401,cert_0401,roadmap_stage_0004,2_산업기사,True
c2rs_00402,cert_0402,roadmap_stage_0004,2_산업기사,True
c2rs_00403,cert_0403,roadmap_stage_0004,2_산업기사,True
c2rs_00404,cert_0404,roadmap_stage_0004,2_산업기사,True
c2rs_00405,cert_0405,roadmap_stage_0004,2_산업기사,True
c2rs_00406,cert_0406,roadmap_stage_0004,2_산업기사,True
c2rs_00407,cert_0407,roadmap_stage_0004,2_산업기사,True
c2rs_00408,cert_0408,roadmap_stage_0004,2_산업기사,True
c2rs_00409,cert_0409,roadmap_stage_0004,2_산업기사,True
c2rs_00410,cert_0410,roadmap_stage_0004,2_산업기사,True
c2rs_00411,cert_0411,roadmap_stage_0004,2_산업기사,True
c2rs_00412,cert_0412,roadmap_stage_0004,2_산업기사,True
c2rs_00413,cert_0413,roadmap_stage_0004,2_산업기사,True
c2rs_00414,cert_0414,roadmap_stage_0004,2_산업기사,True
c2rs_00415,cert_0415,roadmap_stage_0004,2_산업기사,True
c2rs_00416,cert_0416,roadmap_stage_0004,2_산업기사,True
c2rs_00417,cert_0417,roadmap_stage_0004,2_산업기사,True
c2rs_00418,cert_0418,roadmap_stage_0004,2_산업기사,True
c2rs_00419,cert_0419,roadmap_stage_0004,2_산업기사,True
c2rs_00420,cert_0420,roadmap_stage_0004,2_산업기사,True
c2rs_00421,cert_0421,roadmap_stage_0004,2_산업기사,True
c2rs_00422,cert_0422,roadmap_stage_0004,2_산업기사,True
c2rs_00423,cert_0423,roadmap_stage_0004,2_산업기사,True
c2rs_00424,cert_0424,roadmap_stage_0004,2_산업기사,True
c2rs_00425,cert_0425,roadmap_stage_0004,2_산업기사,True
c2rs_00426,cert_0426,roadmap_stage_0004,2_산업기사,True
c2rs_00427,cert_0427,roadmap_stage_0004,2_산업기사,True
c2rs_00428,cert_0428,roadmap_stage_0004,2_산업기사,True
c2rs_00429,cert_0429,roadmap_stage_0004,2_산업기사,True
c2rs_00430,cert_0430,roadmap_stage_0004,2_산업기사,True
c2rs_00431,cert_0431,roadmap_stage_0004,2_산업기사,True
c2rs_00432,cert_0432,roadmap_stage_0004,2_산업기사,True
c2rs_00433,cert_0433,roadmap_stage_0004,2_산업기사,True
c2rs_00434,cert_0434,roadmap_stage_0004,2_산업기사,True
c2rs_00435,cert_0435,roadmap_stage_0004,2_산업기사,True
c2rs_00436,cert_0436,roadmap_stage_0004,2_산업기사,True
c2rs_00437,cert_0437,roadmap_stage_0004,2_산업기사,True
c2rs_00438,cert_0438,roadmap_stage_0004,2_산업기사,True
c2rs_00439,cert_0439,roadmap_stage_0004,2_산업기사,True
c2rs_00440,cert_0440,roadmap_stage_0004,2_산업기사,True
c2rs_00441,cert_0441,roadmap_stage_0004,2_산업기사,True
c2rs_00442,cert_0442,roadmap_stage_0004,2_산업기사,True
c2rs_00443,cert_0443,roadmap_stage_0004,2_산업기사,True
c2rs_00444,cert_0444,roadmap_stage_0004,2_산업기사,True
c2rs_00445,cert_0445,roadmap_stage_0004,2_산업기사,True
c2rs_00446,cert_0446,roadmap_stage_0004,2_산업기사,True
c2rs_00447,cert_0447,roadmap_stage_0004,2_산업기사,True
c2rs_00448,cert_0448,roadmap_stage_0004,2_산업기사,True
c2rs_00449,cert_0449,roadmap_stage_0004,2_산업기사,True
c2rs_00450,cert_0450,roadmap_stage_0004,2_산업기사,True
c2rs_00451,cert_0451,roadmap_stage_0004,2_산업기사,True
c2rs_00452,cert_0452,roadmap_stage_0004,2_산업기사,True
c2rs_00453,cert_0453,roadmap_stage_0004,2_산업기사,True
c2rs_00454,cert_0454,roadmap_stage_0004,2_산업기사,True
c2rs_00455,cert_0455,roadmap_stage_0004,2_산업기사,True
c2rs_00456,cert_0456,roadmap_stage_0004,2_산업기사,True
c2rs_00457,cert_0457,roadmap_stage_0004,2_산업기사,True
c2rs_00458,cert_0458,roadmap_stage_0004,2_산업기사,True
c2rs_00459,cert_0459,roadmap_stage_0004,2_산업기사,True
c2rs_00460,cert_0460,roadmap_stage_0004,2_산업기사,True
c2rs_00461,cert_0461,roadmap_stage_0004,2_산업기사,True
c2rs_00462,cert_0462,roadmap_stage_0004,2_산업기사,True
c2rs_00463,cert_0463,roadmap_stage_0004,2_산업기사,True
c2rs_00464,cert_0464,roadmap_stage_0004,2_산업기사,True
c2rs_00465,cert_0465,roadmap_stage_0003,1_기능사,True
c2rs_00466,cert_0466,roadmap_stage_0003,1_기능사,True
c2rs_00467,cert_0467,roadmap_stage_0003,1_기능사,True
c2rs_00468,cert_0468,roadmap_stage_0003,1_기능사,True
c2rs_00469,cert_0469,roadmap_stage_0003,1_기능사,True
c2rs_00470,cert_0470,roadmap_stage_0003,1_기능사,True
c2rs_00471,cert_0471,roadmap_stage_0003,1_기능사,True
c2rs_00472,cert_0472,roadmap_stage_0003,1_기능사,True
c2rs_00473,cert_0473,roadmap_stage_0003,1_기능사,True
c2rs_00474,cert_0474,roadmap_stage_0003,1_기능사,True
c2rs_00475,cert_0475,roadmap_stage_0003,1_기능사,True
c2rs_00476,cert_0476,roadmap_stage_0003,1_기능사,True
c2rs_00477,cert_0477,roadmap_stage_0003,1_기능사,True
c2rs_00478,cert_0478,roadmap_stage_0003,1_기능사,True
c2rs_00479,cert_0479,roadmap_stage_0003,1_기능사,True
c2rs_00480,cert_0480,roadmap_stage_0003,1_기능사,True
c2rs_00481,cert_0481,roadmap_stage_0003,1_기능사,True
c2rs_00482,cert_0482,roadmap_stage_0003,1_기능사,True
c2rs_00483,cert_0483,roadmap_stage_0003,1_기능사,True
c2rs_00484,cert_0484,roadmap_stage_0003,1_기능사,True
c2rs_00485,cert_0485,roadmap_stage_0003,1_기능사,True
c2rs_00486,cert_0486,roadmap_stage_0003,1_기능사,True
c2rs_00487,cert_0487,roadmap_stage_0003,1_기능사,True
c2rs_00488,cert_0488,roadmap_stage_0003,1_기능사,True
c2rs_00489,cert_0489,roadmap_stage_0003,1_기능사,True
c2rs_00490,cert_0490,roadmap_stage_0003,1_기능사,True
c2rs_00491,cert_0491,roadmap_stage_0003,1_기능사,True
c2rs_00492,cert_0492,roadmap_stage_0003,1_기능사,True
c2rs_00493,cert_0493,roadmap_stage_0003,1_기능사,True
c2rs_00494,cert_0494,roadmap_stage_0003,1_기능사,True
c2rs_00495,cert_0495,roadmap_stage_0003,1_기능사,True
c2rs_00496,cert_0496,roadmap_stage_0003,1_기능사,True
c2rs_00497,cert_0497,roadmap_stage_0003,1_기능사,True
c2rs_00498,cert_0498,roadmap_stage_0003,1_기능사,True
c2rs_00499,cert_0499,roadmap_stage_0003,1_기능사,True
c2rs_00500,cert_0500,roadmap_stage_0003,1_기능사,True
c2rs_00501,cert_0501,roadmap_stage_0003,1_기능사,True
c2rs_00502,cert_0502,roadmap_stage_0003,1_기능사,True
c2rs_00503,cert_0503,roadmap_stage_0003,1_기능사,True
c2rs_00504,cert_0504,roadmap_stage_0003,1_기능사,True
c2rs_00505,cert_0505,roadmap_stage_0003,1_기능사,True
c2rs_00506,cert_0506,roadmap_stage_0003,1_기능사,True
c2rs_00507,cert_0507,roadmap_stage_0003,1_기능사,True
c2rs_00508,cert_0508,roadmap_stage_0003,1_기능사,True
c2rs_00509,cert_0509,roadmap_stage_0003,1_기능사,True
c2rs_00510,cert_0510,roadmap_stage_0003,1_기능사,True
c2rs_00511,cert_0511,roadmap_stage_0003,1_기능사,True
c2rs_00512,cert_0512,roadmap_stage_0003,1_기능사,True
c2rs_00513,cert_0513,roadmap_stage_0003,1_기능사,True
c2rs_00514,cert_0514,roadmap_stage_0003,1_기능사,True
c2rs_00515,cert_0515,roadmap_stage_0003,1_기능사,True
c2rs_00516,cert_0516,roadmap_stage_0003,1_기능사,True
c2rs_00517,cert_0517,roadmap_stage_0003,1_기능사,True
c2rs_00518,cert_0518,roadmap_stage_0003,1_기능사,True
c2rs_00519,cert_0519,roadmap_stage_0003,1_기능사,True
c2rs_00520,cert_0520,roadmap_stage_0003,1_기능사,True
c2rs_00521,cert_0521,roadmap_stage_0003,1_기능사,True
c2rs_00522,cert_0522,roadmap_stage_0003,1_기능사,True
c2rs_00523,cert_0523,roadmap_stage_0003,1_기능사,True
c2rs_00524,cert_0524,roadmap_stage_0003,1_기능사,True
c2rs_00525,cert_0525,roadmap_stage_0003,1_기능사,True
c2rs_00526,cert_0526,roadmap_stage_0003,1_기능사,True
c2rs_00527,cert_0527,roadmap_stage_0003,1_기능사,True
c2rs_00528,cert_0528,roadmap_stage_0003,1_기능사,True
c2rs_00529,cert_0529,roadmap_stage_0003,1_기능사,True
c2rs_00530,cert_0530,roadmap_stage_0003,1_기능사,True
c2rs_00531,cert_0531,roadmap_stage_0003,1_기능사,True
c2rs_00532,cert_0532,roadmap_stage_0003,1_기능사,True
c2rs_00533,cert_0533,roadmap_stage_0003,1_기능사,True
c2rs_00534,cert_0534,roadmap_stage_0003,1_기능사,True
c2rs_00535,cert_0535,roadmap_stage_0003,1_기능사,True
c2rs_00536,cert_0536,roadmap_stage_0003,1_기능사,True
c2rs_00537,cert_0537,roadmap_stage_0003,1_기능사,True
c2rs_00538,cert_0538,roadmap_stage_0003,1_기능사,True
c2rs_00539,cert_0539,roadmap_stage_0003,1_기능사,True
c2rs_00540,cert_0540,roadmap_stage_0003,1_기능사,True
c2rs_00541,cert_0541,roadmap_stage_0003,1_기능사,True
c2rs_00542,cert_0542,roadmap_stage_0003,1_기능사,True
c2rs_00543,cert_0543,roadmap_stage_0003,1_기능사,True
c2rs_00544,cert_0544,roadmap_stage_0003,1_기능사,True
c2rs_00545,cert_0545,roadmap_stage_0003,1_기능사,True
c2rs_00546,cert_0546,roadmap_stage_0003,1_기능사,True
c2rs_00547,cert_0547,roadmap_stage_0003,1_기능사,True
c2rs_00548,cert_0548,roadmap_stage_0003,1_기능사,True
c2rs_00549,cert_0549,roadmap_stage_0003,1_기능사,True
c2rs_00550,cert_0550,roadmap_stage_0003,1_기능사,True
c2rs_00551,cert_0551,roadmap_stage_0003,1_기능사,True
c2rs_00552,cert_0552,roadmap_stage_0003,1_기능사,True
c2rs_00553,cert_0553,roadmap_stage_0003,1_기능사,True
c2rs_00554,cert_0554,roadmap_stage_0003,1_기능사,True
c2rs_00555,cert_0555,roadmap_stage_0003,1_기능사,True
c2rs_00556,cert_0556,roadmap_stage_0003,1_기능사,True
c2rs_00557,cert_0557,roadmap_stage_0003,1_기능사,True
c2rs_00558,cert_0558,roadmap_stage_0003,1_기능사,True
c2rs_00559,cert_0559,roadmap_stage_0003,1_기능사,True
c2rs_00560,cert_0560,roadmap_stage_0003,1_기능사,True
c2rs_00561,cert_0561,roadmap_stage_0003,1_기능사,True
c2rs_00562,cert_0562,roadmap_stage_0003,1_기능사,True
c2rs_00563,cert_0563,roadmap_stage_0003,1_기능사,True
c2rs_00564,cert_0564,roadmap_stage_0003,1_기능사,True
c2rs_00565,cert_0565,roadmap_stage_0003,1_기능사,True
c2rs_00566,cert_0566,roadmap_stage_0003,1_기능사,True
c2rs_00567,cert_0567,roadmap_stage_0003,1_기능사,True
c2rs_00568,cert_0568,roadmap_stage_0003,1_기능사,True
c2rs_00569,cert_0569,roadmap_stage_0003,1_기능사,True
c2rs_00570,cert_0570,roadmap_stage_0003,1_기능사,True
c2rs_00571,cert_0571,roadmap_stage_0003,1_기능사,True
c2rs_00572,cert_0572,roadmap_stage_0003,1_기능사,True
c2rs_00573,cert_0573,roadmap_stage_0003,1_기능사,True
c2rs_00574,cert_0574,roadmap_stage_0003,1_기능사,True
c2rs_00575,cert_0575,roadmap_stage_0003,1_기능사,True
c2rs_00576,cert_0576,roadmap_stage_0003,1_기능사,True
c2rs_00577,cert_0577,roadmap_stage_0003,1_기능사,True
c2rs_00578,cert_0578,roadmap_stage_0003,1_기능사,True
c2rs_00579,cert_0579,roadmap_stage_0003,1_기능사,True
c2rs_00580,cert_0580,roadmap_stage_0003,1_기능사,True
c2rs_00581,cert_0581,roadmap_stage_0003,1_기능사,True
c2rs_00582,cert_0582,roadmap_stage_0003,1_기능사,True
c2rs_00583,cert_0583,roadmap_stage_0003,1_기능사,True
c2rs_00584,cert_0584,roadmap_stage_0003,1_기능사,True
c2rs_00585,cert_0585,roadmap_stage_0003,1_기능사,True
c2rs_00586,cert_0586,roadmap_stage_0003,1_기능사,True
c2rs_00587,cert_0587,roadmap_stage_0003,1_기능사,True
c2rs_00588,cert_0588,roadmap_stage_0003,1_기능사,True
c2rs_00589,cert_0589,roadmap_stage_0003,1_기능사,True
c2rs_00590,cert_0590,roadmap_stage_0003,1_기능사,True
c2rs_00591,cert_0591,roadmap_stage_0003,1_기능사,True
c2rs_00592,cert_0592,roadmap_stage_0003,1_기능사,True
c2rs_00593,cert_0593,roadmap_stage_0003,1_기능사,True
c2rs_00594,cert_0594,roadmap_stage_0003,1_기능사,True
c2rs_00595,cert_0595,roadmap_stage_0003,1_기능사,True
c2rs_00596,cert_0596,roadmap_stage_0003,1_기능사,True
c2rs_00597,cert_0597,roadmap_stage_0003,1_기능사,True
c2rs_00598,cert_0598,roadmap_stage_0003,1_기능사,True
c2rs_00599,cert_0599,roadmap_stage_0003,1_기능사,True
c2rs_00600,cert_0600,roadmap_stage_0003,1_기능사,True
c2rs_00601,cert_0601,roadmap_stage_0003,1_기능사,True
c2rs_00602,cert_0602,roadmap_stage_0003,1_기능사,True
c2rs_00603,cert_0603,roadmap_stage_0003,1_기능사,True
c2rs_00604,cert_0604,roadmap_stage_0003,1_기능사,True
c2rs_00605,cert_0605,roadmap_stage_0003,1_기능사,True
c2rs_00606,cert_0606,roadmap_stage_0003,1_기능사,True
c2rs_00607,cert_0607,roadmap_stage_0003,1_기능사,True
c2rs_00608,cert_0608,roadmap_stage_0003,1_기능사,True
c2rs_00609,cert_0609,roadmap_stage_0003,1_기능사,True
c2rs_00610,cert_0610,roadmap_stage_0003,1_기능사,True
c2rs_00611,cert_0611,roadmap_stage_0003,1_기능사,True
c2rs_00612,cert_0612,roadmap_stage_0003,1_기능사,True
c2rs_00613,cert_0613,roadmap_stage_0003,1_기능사,True
c2rs_00614,cert_0614,roadmap_stage_0003,1_기능사,True
c2rs_00615,cert_0615,roadmap_stage_0003,1_기능사,True
c2rs_00616,cert_0616,roadmap_stage_0003,1_기능사,True
c2rs_00617,cert_0617,roadmap_stage_0003,1_기능사,True
c2rs_00618,cert_0618,roadmap_stage_0003,1_기능사,True
c2rs_00619,cert_0619,roadmap_stage_0003,1_기능사,True
c2rs_00620,cert_0620,roadmap_stage_0003,1_기능사,True
c2rs_00621,cert_0621,roadmap_stage_0003,1_기능사,True
c2rs_00622,cert_0622,roadmap_stage_0003,1_기능사,True
c2rs_00623,cert_0623,roadmap_stage_0003,1_기능사,True
c2rs_00624,cert_0624,roadmap_stage_0003,1_기능사,True
c2rs_00625,cert_0625,roadmap_stage_0003,1_기능사,True
c2rs_00626,cert_0626,roadmap_stage_0003,1_기능사,True
c2rs_00627,cert_0627,roadmap_stage_0003,1_기능사,True
c2rs_00628,cert_0628,roadmap_stage_0003,1_기능사,True
c2rs_00629,cert_0629,roadmap_stage_0003,1_기능사,True
c2rs_00630,cert_0630,roadmap_stage_0003,1_기능사,True
c2rs_00631,cert_0631,roadmap_stage_0003,1_기능사,True
c2rs_00632,cert_0632,roadmap_stage_0003,1_기능사,True
c2rs_00633,cert_0633,roadmap_stage_0003,1_기능사,True
c2rs_00634,cert_0634,roadmap_stage_0003,1_기능사,True
c2rs_00635,cert_0635,roadmap_stage_0003,1_기능사,True
c2rs_00636,cert_0636,roadmap_stage_0003,1_기능사,True
c2rs_00637,cert_0637,roadmap_stage_0003,1_기능사,True
c2rs_00638,cert_0638,roadmap_stage_0003,1_기능사,True
c2rs_00639,cert_0639,roadmap_stage_0003,1_기능사,True
c2rs_00640,cert_0640,roadmap_stage_0003,1_기능사,True
c2rs_00641,cert_0641,roadmap_stage_0003,1_기능사,True
c2rs_00642,cert_0642,roadmap_stage_0003,1_기능사,True
c2rs_00643,cert_0643,roadmap_stage_0003,1_기능사,True
c2rs_00644,cert_0644,roadmap_stage_0003,1_기능사,True
c2rs_00645,cert_0645,roadmap_stage_0003,1_기능사,True
c2rs_00646,cert_0646,roadmap_stage_0003,1_기능사,True
c2rs_00647,cert_0647,roadmap_stage_0003,1_기능사,True
c2rs_00648,cert_0648,roadmap_stage_0003,1_기능사,True
c2rs_00649,cert_0649,roadmap_stage_0003,1_기능사,True
c2rs_00650,cert_0650,roadmap_stage_0003,1_기능사,True
c2rs_00651,cert_0651,roadmap_stage_0003,1_기능사,True
c2rs_00652,cert_0652,roadmap_stage_0003,1_기능사,True
c2rs_00653,cert_0653,roadmap_stage_0003,1_기능사,True
c2rs_00654,cert_0654,roadmap_stage_0003,1_기능사,True
c2rs_00655,cert_0655,roadmap_stage_0003,1_기능사,True
c2rs_00656,cert_0656,roadmap_stage_0003,1_기능사,True
c2rs_00657,cert_0657,roadmap_stage_0003,1_기능사,True
c2rs_00658,cert_0658,roadmap_stage_0003,1_기능사,True
c2rs_00659,cert_0659,roadmap_stage_0003,1_기능사,True
c2rs_00660,cert_0660,roadmap_stage_0003,1_기능사,True
c2rs_00661,cert_0661,roadmap_stage_0003,1_기능사,True
c2rs_00662,cert_0662,roadmap_stage_0003,1_기능사,True
c2rs_00663,cert_0663,roadmap_stage_0003,1_기능사,True
c2rs_00664,cert_0664,roadmap_stage_0003,1_기능사,True
c2rs_00665,cert_0665,roadmap_stage_0003,1_기능사,True
c2rs_00666,cert_0666,roadmap_stage_0003,1_기능사,True
c2rs_00667,cert_0667,roadmap_stage_0003,1_기능사,True
c2rs_00668,cert_0668,roadmap_stage_0003,1_기능사,True
c2rs_00669,cert_0669,roadmap_stage_0003,1_기능사,True
c2rs_00670,cert_0670,roadmap_stage_0003,1_기능사,True
c2rs_00671,cert_0671,roadmap_stage_0003,1_기능사,True
c2rs_00672,cert_0672,roadmap_stage_0003,1_기능사,True
c2rs_00673,cert_0673,roadmap_stage_0003,1_기능사,True
c2rs_00674,cert_0674,roadmap_stage_0003,1_기능사,True
c2rs_00675,cert_0675,roadmap_stage_0003,1_기능사,True
c2rs_00676,cert_0676,roadmap_stage_0003,1_기능사,True
c2rs_00677,cert_0677,roadmap_stage_0003,1_기능사,True
c2rs_00678,cert_0678,roadmap_stage_0003,1_기능사,True
c2rs_00679,cert_0679,roadmap_stage_0003,1_기능사,True
c2rs_00680,cert_0680,roadmap_stage_0003,1_기능사,True
c2rs_00681,cert_0681,roadmap_stage_0003,1_기능사,True
c2rs_00682,cert_0682,roadmap_stage_0003,1_기능사,True
c2rs_00683,cert_0683,roadmap_stage_0003,1_기능사,True
c2rs_00684,cert_0684,roadmap_stage_0003,1_기능사,True
c2rs_00685,cert_0685,roadmap_stage_0003,1_기능사,True
c2rs_00686,cert_0686,roadmap_stage_0003,1_기능사,True
c2rs_00687,cert_0687,roadmap_stage_0003,1_기능사,True
c2rs_00688,cert_0688,roadmap_stage_0003,1_기능사,True
c2rs_00689,cert_0689,roadmap_stage_0003,1_기능사,True
c2rs_00690,cert_0690,roadmap_stage_0003,1_기능사,True
c2rs_00691,cert_0691,roadmap_stage_0003,1_기능사,True
c2rs_00692,cert_0692,roadmap_stage_0003,1_기능사,True
c2rs_00693,cert_0693,roadmap_stage_0003,1_기능사,True
c2rs_00694,cert_0694,roadmap_stage_0003,1_기능사,True
c2rs_00695,cert_0695,roadmap_stage_0002,,True
c2rs_00696,cert_0696,roadmap_stage_0002,,True
c2rs_00697,cert_0697,roadmap_stage_0002,,True
c2rs_00698,cert_0698,roadmap_stage_0002,,True
c2rs_00699,cert_0699,roadmap_stage_0002,,True
c2rs_00700,cert_0700,roadmap_stage_0002,,True
c2rs_00701,cert_0701,roadmap_stage_0002,,True
c2rs_00702,cert_0702,roadmap_stage_0002,,True
c2rs_00703,cert_0703,roadmap_stage_0002,,True
c2rs_00704,cert_0704,roadmap_stage_0002,,True
c2rs_00705,cert_0705,roadmap_stage_0002,,True
c2rs_00706,cert_0706,roadmap_stage_0002,,True
c2rs_00707,cert_0707,roadmap_stage_0002,,True
c2rs_00708,cert_0708,roadmap_stage_0002,,True
c2rs_00709,cert_0709,roadmap_stage_0002,,True
c2rs_00710,cert_0710,roadmap_stage_0002,,True
c2rs_00711,cert_0711,roadmap_stage_0002,,True
c2rs_00712,cert_0712,roadmap_stage_0002,,True
c2rs_00713,cert_0713,roadmap_stage_0002,,True
c2rs_00714,cert_0714,roadmap_stage_0002,,True
c2rs_00715,cert_0715,roadmap_stage_0002,,True
c2rs_00716,cert_0716,roadmap_stage_0002,,True
c2rs_00717,cert_0717,roadmap_stage_0002,,True
c2rs_00718,cert_0718,roadmap_stage_0002,,True
c2rs_00719,cert_0719,roadmap_stage_0002,,True
c2rs_00720,cert_0720,roadmap_stage_0002,,True
c2rs_00721,cert_0721,roadmap_stage_0002,,True
c2rs_00722,cert_0722,roadmap_stage_0002,,True
c2rs_00723,cert_0723,roadmap_stage_0002,,True
c2rs_00724,cert_0724,roadmap_stage_0002,,True
c2rs_00725,cert_0725,roadmap_stage_0002,,True
c2rs_00726,cert_0726,roadmap_stage_0002,,True
c2rs_00727,cert_0727,roadmap_stage_0002,,True
c2rs_00728,cert_0728,roadmap_stage_0002,,True
c2rs_00729,cert_0729,roadmap_stage_0002,,True
c2rs_00730,cert_0730,roadmap_stage_0002,,True
c2rs_00731,cert_0731,roadmap_stage_0002,,True
c2rs_00732,cert_0732,roadmap_stage_0002,,True
c2rs_00733,cert_0733,roadmap_stage_0002,,True
c2rs_00734,cert_0734,roadmap_stage_0002,,True
c2rs_00735,cert_0735,roadmap_stage_0004,3_기사,True
c2rs_00736,cert_0736,roadmap_stage_0002,,True
c2rs_00737,cert_0737,roadmap_stage_0002,,True
c2rs_00738,cert_0738,roadmap_stage_0002,,True
c2rs_00739,cert_0739,roadmap_stage_0002,,True
c2rs_00740,cert_0740,roadmap_stage_0002,,True
c2rs_00741,cert_0741,roadmap_stage_0002,,True
c2rs_00742,cert_0742,roadmap_stage_0002,,True
c2rs_00743,cert_0743,roadmap_stage_0002,,True
c2rs_00744,cert_0744,roadmap_stage_0002,,True
c2rs_00745,cert_0745,roadmap_stage_0002,,True
c2rs_00746,cert_0746,roadmap_stage_0002,,True
c2rs_00747,cert_0747,roadmap_stage_0002,,True
c2rs_00748,cert_0748,roadmap_stage_0002,,True
c2rs_00749,cert_0749,roadmap_stage_0002,,True
c2rs_00750,cert_0750,roadmap_stage_0002,,True
c2rs_00751,cert_0751,roadmap_stage_0002,,True
c2rs_00752,cert_0752,roadmap_stage_0002,,True
c2rs_00753,cert_0753,roadmap_stage_0002,,True
c2rs_00754,cert_0754,roadmap_stage_0002,,True
c2rs_00755,cert_0755,roadmap_stage_0002,,True
c2rs_00756,cert_0756,roadmap_stage_0002,,True
c2rs_00757,cert_0757,roadmap_stage_0002,,True
c2rs_00758,cert_0758,roadmap_stage_0002,,True
c2rs_00759,cert_0759,roadmap_stage_0002,,True
c2rs_00760,cert_0760,roadmap_stage_0002,,True
c2rs_00761,cert_0761,roadmap_stage_0002,,True
c2rs_00762,cert_0762,roadmap_stage_0002,,True
c2rs_00763,cert_0763,roadmap_stage_0002,,True
c2rs_00764,cert_0764,roadmap_stage_0002,,True
c2rs_00765,cert_0765,roadmap_stage_0002,,True
c2rs_00766,cert_0766,roadmap_stage_0002,,True
c2rs_00767,cert_0767,roadmap_stage_0002,,True
c2rs_00768,cert_0768,roadmap_stage_0002,,True
c2rs_00769,cert_0769,roadmap_stage_0002,,True
c2rs_00770,cert_0770,roadmap_stage_0002,,True
c2rs_00771,cert_0771,roadmap_stage_0002,,True
c2rs_00772,cert_0772,roadmap_stage_0002,,True
c2rs_00773,cert_0773,roadmap_stage_0002,,True
c2rs_00774,cert_0774,roadmap_stage_0002,,True
c2rs_00775,cert_0775,roadmap_stage_0002,,True
c2rs_00776,cert_0776,roadmap_stage_0002,,True
c2rs_00777,cert_0777,roadmap_stage_0002,,True
c2rs_00778,cert_0778,roadmap_stage_0002,,True
c2rs_00779,cert_0779,roadmap_stage_0002,,True
c2rs_00780,cert_0780,roadmap_stage_0002,,True
c2rs_00781,cert_0781,roadmap_stage_0002,,True
c2rs_00782,cert_0782,roadmap_stage_0002,,True
c2rs_00783,cert_0783,roadmap_stage_0002,,True
c2rs_00784,cert_0784,roadmap_stage_0002,,True
c2rs_00785,cert_0785,roadmap_stage_0002,,True
c2rs_00786,cert_0786,roadmap_stage_0002,,True
c2rs_00787,cert_0787,roadmap_stage_0002,,True
c2rs_00788,cert_0788,roadmap_stage_0002,,True
c2rs_00789,cert_0789,roadmap_stage_0002,,True
c2rs_00790,cert_0790,roadmap_stage_0002,,True
c2rs_00791,cert_0791,roadmap_stage_0002,,True
c2rs_00792,cert_0792,roadmap_stage_0002,,True
c2rs_00793,cert_0793,roadmap_stage_0002,,True
c2rs_00794,cert_0794,roadmap_stage_0002,,True
c2rs_00795,cert_0795,roadmap_stage_0002,,True
c2rs_00796,cert_0796,roadmap_stage_0002,,True
c2rs_00797,cert_0797,roadmap_stage_0002,,True
c2rs_00798,cert_0798,roadmap_stage_0002,,True
c2rs_00799,cert_0799,roadmap_stage_0002,,True
c2rs_00800,cert_0800,roadmap_stage_0002,,True
c2rs_00801,cert_0801,roadmap_stage_0002,,True
c2rs_00802,cert_0802,roadmap_stage_0002,,True
c2rs_00803,cert_0803,roadmap_stage_0002,,True
c2rs_00804,cert_0804,roadmap_stage_0002,,True
c2rs_00805,cert_0805,roadmap_stage_0002,,True
c2rs_00806,cert_0806,roadmap_stage_0002,,True
c2rs_00807,cert_0807,roadmap_stage_0002,,True
c2rs_00808,cert_0808,roadmap_stage_0002,,True
c2rs_00809,cert_0809,roadmap_stage_0002,,True
c2rs_00810,cert_0810,roadmap_stage_0002,,True
c2rs_00811,cert_0811,roadmap_stage_0002,,True
c2rs_00812,cert_0812,roadmap_stage_0002,,True
c2rs_00813,cert_0813,roadmap_stage_0002,,True
c2rs_00814,cert_0814,roadmap_stage_0002,,True
c2rs_00815,cert_0815,roadmap_stage_0002,,True
c2rs_00816,cert_0816,roadmap_stage_0002,,True
c2rs_00817,cert_0817,roadmap_stage_0002,,True
c2rs_00818,cert_0818,roadmap_stage_0002,,True
c2rs_00819,cert_0819,roadmap_stage_0002,,True
c2rs_00820,cert_0820,roadmap_stage_0002,,True
c2rs_00821,cert_0821,roadmap_stage_0002,,True
c2rs_00822,cert_0822,roadmap_stage_0002,,True
c2rs_00823,cert_0823,roadmap_stage_0002,,True
c2rs_00824,cert_0824,roadmap_stage_0002,,True
c2rs_00825,cert_0825,roadmap_stage_0002,,True
c2rs_00826,cert_0826,roadmap_stage_0002,,True
c2rs_00827,cert_0827,roadmap_stage_0002,,True
c2rs_00828,cert_0828,roadmap_stage_0002,,True
c2rs_00829,cert_0829,roadmap_stage_0002,,True
c2rs_00830,cert_0830,roadmap_stage_0002,,True
c2rs_00831,cert_0831,roadmap_stage_0002,,True
c2rs_00832,cert_0832,roadmap_stage_0002,,True
c2rs_00833,cert_0833,roadmap_stage_0002,,True
c2rs_00834,cert_0834,roadmap_stage_0002,,True
c2rs_00835,cert_0835,roadmap_stage_0002,,True
c2rs_00836,cert_0836,roadmap_stage_0002,,True
c2rs_00837,cert_0837,roadmap_stage_0002,,True
c2rs_00838,cert_0838,roadmap_stage_0002,,True
c2rs_00839,cert_0839,roadmap_stage_0002,,True
c2rs_00840,cert_0840,roadmap_stage_0002,,True
c2rs_00841,cert_0841,roadmap_stage_0002,,True
c2rs_00842,cert_0842,roadmap_stage_0002,,True
c2rs_00843,cert_0843,roadmap_stage_0002,,True
c2rs_00844,cert_0844,roadmap_stage_0002,,True
c2rs_00845,cert_0845,roadmap_stage_0002,,True
c2rs_00846,cert_0846,roadmap_stage_0002,,True
c2rs_00847,cert_0847,roadmap_stage_0002,,True
c2rs_00848,cert_0848,roadmap_stage_0002,,True
c2rs_00849,cert_0849,roadmap_stage_0002,,True
c2rs_00850,cert_0850,roadmap_stage_0002,,True
c2rs_00851,cert_0851,roadmap_stage_0002,,True
c2rs_00852,cert_0852,roadmap_stage_0002,,True
c2rs_00853,cert_0853,roadmap_stage_0002,,True
c2rs_00854,cert_0854,roadmap_stage_0002,,True
c2rs_00855,cert_0855,roadmap_stage_0002,,True
c2rs_00856,cert_0856,roadmap_stage_0002,,True
c2rs_00857,cert_0857,roadmap_stage_0002,,True
c2rs_00858,cert_0858,roadmap_stage_0002,,True
c2rs_00859,cert_0859,roadmap_stage_0002,,True
c2rs_00860,cert_0860,roadmap_stage_0002,,True
c2rs_00861,cert_0861,roadmap_stage_0002,,True
c2rs_00862,cert_0862,roadmap_stage_0002,,True
c2rs_00863,cert_0863,roadmap_stage_0002,,True
c2rs_00864,cert_0864,roadmap_stage_0002,,True
c2rs_00865,cert_0865,roadmap_stage_0002,,True
c2rs_00866,cert_0866,roadmap_stage_0002,,True
c2rs_00867,cert_0867,roadmap_stage_0002,,True
c2rs_00868,cert_0868,roadmap_stage_0002,,True
c2rs_00869,cert_0869,roadmap_stage_0002,,True
c2rs_00870,cert_0870,roadmap_stage_0002,,True
c2rs_00871,cert_0871,roadmap_stage_0002,,True
c2rs_00872,cert_0872,roadmap_stage_0002,,True
c2rs_00873,cert_0873,roadmap_stage_0002,,True
c2rs_00874,cert_0874,roadmap_stage_0002,,True
c2rs_00875,cert_0875,roadmap_stage_0002,,True
c2rs_00876,cert_0876,roadmap_stage_0002,,True
c2rs_00877,cert_0877,roadmap_stage_0002,,True
c2rs_00878,cert_0878,roadmap_stage_0002,,True
c2rs_00879,cert_0879,roadmap_stage_0002,,True
c2rs_00880,cert_0880,roadmap_stage_0002,,True
c2rs_00881,cert_0881,roadmap_stage_0002,,True
c2rs_00882,cert_0882,roadmap_stage_0002,,True
c2rs_00883,cert_0883,roadmap_stage_0002,,True
c2rs_00884,cert_0884,roadmap_stage_0002,,True
c2rs_00885,cert_0885,roadmap_stage_0002,,True
c2rs_00886,cert_0886,roadmap_stage_0002,,True
c2rs_00887,cert_0887,roadmap_stage_0002,,True
c2rs_00888,cert_0888,roadmap_stage_0002,,True
c2rs_00889,cert_0889,roadmap_stage_0002,,True
c2rs_00890,cert_0890,roadmap_stage_0002,,True
c2rs_00891,cert_0891,roadmap_stage_0002,,True
c2rs_00892,cert_0892,roadmap_stage_0004,3_기사,True
c2rs_00893,cert_0893,roadmap_stage_0002,,True
c2rs_00894,cert_0894,roadmap_stage_0002,,True
c2rs_00895,cert_0895,roadmap_stage_0002,,True
c2rs_00896,cert_0896,roadmap_stage_0002,,True
c2rs_00897,cert_0897,roadmap_stage_0003,1_기능사,True
c2rs_00898,cert_0898,roadmap_stage_0003,1_기능사,True
c2rs_00899,cert_0899,roadmap_stage_0003,1_기능사,True
c2rs_00900,cert_0900,roadmap_stage_0002,,True
c2rs_00901,cert_0901,roadmap_stage_0003,1_기능사,True
c2rs_00902,cert_0902,roadmap_stage_0004,3_기사,True
c2rs_00903,cert_0903,roadmap_stage_0004,2_산업기사,True
c2rs_00904,cert_0904,roadmap_stage_0004,3_기사,True
c2rs_00905,cert_0905,roadmap_stage_0004,3_기사,True
c2rs_00906,cert_0906,roadmap_stage_0003,1_기능사,True
c2rs_00907,cert_0907,roadmap_stage_0002,,True
c2rs_00908,cert_0908,roadmap_stage_0002,,True
c2rs_00909,cert_0909,roadmap_stage_0003,1_기능사,True
c2rs_00910,cert_0910,roadmap_stage_0004,2_산업기사,True
c2rs_00911,cert_0911,roadmap_stage_0002,,True
c2rs_00912,cert_0912,roadmap_stage_0002,,True
c2rs_00913,cert_0913,roadmap_stage_0003,1_기능사,True
c2rs_00914,cert_0914,roadmap_stage_0003,1_기능사,True
c2rs_00915,cert_0915,roadmap_stage_0003,1_기능사,True
c2rs_00916,cert_0916,roadmap_stage_0002,,True
c2rs_00917,cert_0917,roadmap_stage_0003,1_기능사,True
c2rs_00918,cert_0918,roadmap_stage_0004,2_산업기사,True
c2rs_00919,cert_0919,roadmap_stage_0003,1_기능사,True
c2rs_00920,cert_0920,roadmap_stage_0002,,True
c2rs_00921,cert_0921,roadmap_stage_0002,,True
c2rs_00922,cert_0922,roadmap_stage_0002,,True
c2rs_00923,cert_0923,roadmap_stage_0004,3_기사,True
c2rs_00924,cert_0924,roadmap_stage_0004,3_기사,True
c2rs_00925,cert_0925,roadmap_stage_0003,1_기능사,True
c2rs_00926,cert_0926,roadmap_stage_0002,,True
c2rs_00927,cert_0927,roadmap_stage_0002,,True
c2rs_00928,cert_0928,roadmap_stage_0002,,True
c2rs_00929,cert_0929,roadmap_stage_0002,,True
c2rs_00930,cert_0930,roadmap_stage_0002,,True
c2rs_00931,cert_0931,roadmap_stage_0002,,True
c2rs_00932,cert_0932,roadmap_stage_0002,,True
c2rs_00933,cert_0933,roadmap_stage_0002,,True
c2rs_00934,cert_0934,roadmap_stage_0002,,True
c2rs_00935,cert_0935,roadmap_stage_0002,,True
c2rs_00936,cert_0936,roadmap_stage_0002,,True
c2rs_00937,cert_0937,roadmap_stage_0002,,True
c2rs_00938,cert_0938,roadmap_stage_0002,,True
c2rs_00939,cert_0939,roadmap_stage_0002,,True
c2rs_00940,cert_0940,roadmap_stage_0002,,True
c2rs_00941,cert_0941,roadmap_stage_0002,,True
c2rs_00942,cert_0942,roadmap_stage_0002,,True
c2rs_00943,cert_0943,roadmap_stage_0002,,True
c2rs_00944,cert_0944,roadmap_stage_0002,,True
c2rs_00945,cert_0945,roadmap_stage_0002,,True
c2rs_00946,cert_0946,roadmap_stage_0002,,True
c2rs_00947,cert_0947,roadmap_stage_0002,,True
c2rs_00948,cert_0948,roadmap_stage_0002,,True
c2rs_00949,cert_0949,roadmap_stage_0002,,True
c2rs_00950,cert_0950,roadmap_stage_0002,,True
c2rs_00951,cert_0951,roadmap_stage_0002,,True
c2rs_00952,cert_0952,roadmap_stage_0002,,True
c2rs_00953,cert_0953,roadmap_stage_0002,,True
c2rs_00954,cert_0954,roadmap_stage_0002,,True
c2rs_00955,cert_0955,roadmap_stage_0002,,True
c2rs_00956,cert_0956,roadmap_stage_0002,,True
c2rs_00957,cert_0957,roadmap_stage_0002,,True
c2rs_00958,cert_0958,roadmap_stage_0002,,True
c2rs_00959,cert_0959,roadmap_stage_0002,,True
c2rs_00960,cert_0960,roadmap_stage_0002,,True
c2rs_00961,cert_0961,roadmap_stage_0002,,True
c2rs_00962,cert_0962,roadmap_stage_0002,,True
c2rs_00963,cert_0963,roadmap_stage_0002,,True
c2rs_00964,cert_0964,roadmap_stage_0002,,True
c2rs_00965,cert_0965,roadmap_stage_0002,,True
c2rs_00966,cert_0966,roadmap_stage_0002,,True
c2rs_00967,cert_0967,roadmap_stage_0002,,True
c2rs_00968,cert_0968,roadmap_stage_0002,,True
c2rs_00969,cert_0969,roadmap_stage_0002,,True
c2rs_00970,cert_0970,roadmap_stage_0002,,True
c2rs_00971,cert_0971,roadmap_stage_0002,,True
c2rs_00972,cert_0972,roadmap_stage_0002,,True
c2rs_00973,cert_0973,roadmap_stage_0002,,True
c2rs_00974,cert_0974,roadmap_stage_0002,,True
c2rs_00975,cert_0975,roadmap_stage_0002,,True
c2rs_00976,cert_0976,roadmap_stage_0002,,True
c2rs_00977,cert_0977,roadmap_stage_0002,,True
c2rs_00978,cert_0978,roadmap_stage_0002,,True
c2rs_00979,cert_0979,roadmap_stage_0002,,True
c2rs_00980,cert_0980,roadmap_stage_0002,,True
c2rs_00981,cert_0981,roadmap_stage_0002,,True
c2rs_00982,cert_0982,roadmap_stage_0002,,True
c2rs_00983,cert_0983,roadmap_stage_0002,,True
c2rs_00984,cert_0984,roadmap_stage_0002,,True
c2rs_00985,cert_0985,roadmap_stage_0002,,True
c2rs_00986,cert_0986,roadmap_stage_0002,,True
c2rs_00987,cert_0987,roadmap_stage_0002,,True
c2rs_00988,cert_0988,roadmap_stage_0002,,True
c2rs_00989,cert_0989,roadmap_stage_0002,,True
c2rs_00990,cert_0990,roadmap_stage_0002,,True
c2rs_00991,cert_0991,roadmap_stage_0002,,True
c2rs_00992,cert_0992,roadmap_stage_0002,,True
c2rs_00993,cert_0993,roadmap_stage_0002,,True
c2rs_00994,cert_0994,roadmap_stage_0002,,True
c2rs_00995,cert_0995,roadmap_stage_0002,,True
c2rs_00996,cert_0996,roadmap_stage_0002,,True
c2rs_00997,cert_0997,roadmap_stage_0002,,True
c2rs_00998,cert_0998,roadmap_stage_0002,,True
c2rs_00999,cert_0999,roadmap_stage_0002,,True
c2rs_01000,cert_1000,roadmap_stage_0002,,True
c2rs_01001,cert_1001,roadmap_stage_0002,,True
c2rs_01002,cert_1002,roadmap_stage_0002,,True
c2rs_01003,cert_1003,roadmap_stage_0002,,True
c2rs_01004,cert_1004,roadmap_stage_0002,,True
c2rs_01005,cert_1005,roadmap_stage_0002,,True
c2rs_01006,cert_1006,roadmap_stage_0002,,True
c2rs_01007,cert_1007,roadmap_stage_0002,,True
c2rs_01008,cert_1008,roadmap_stage_0002,,True
c2rs_01009,cert_1009,roadmap_stage_0002,,True
c2rs_01010,cert_1010,roadmap_stage_0002,,True
c2rs_01011,cert_1011,roadmap_stage_0002,,True
c2rs_01012,cert_1012,roadmap_stage_0002,,True
c2rs_01013,cert_1013,roadmap_stage_0002,,True
c2rs_01014,cert_1014,roadmap_stage_0002,,True
c2rs_01015,cert_1015,roadmap_stage_0002,,True
c2rs_01016,cert_1016,roadmap_stage_0002,,True
c2rs_01017,cert_1017,roadmap_stage_0002,,True
c2rs_01018,cert_1018,roadmap_stage_0002,,True
c2rs_01019,cert_1019,roadmap_stage_0002,,True
c2rs_01020,cert_1020,roadmap_stage_0002,,True
c2rs_01021,cert_1021,roadmap_stage_0002,,True
c2rs_01022,cert_1022,roadmap_stage_0002,,True
c2rs_01023,cert_1023,roadmap_stage_0002,,True
c2rs_01024,cert_1024,roadmap_stage_0002,,True
c2rs_01025,cert_1025,roadmap_stage_0002,,True
c2rs_01026,cert_1026,roadmap_stage_0002,,True
c2rs_01027,cert_1027,roadmap_stage_0002,,True
c2rs_01028,cert_1028,roadmap_stage_0002,,True
c2rs_01029,cert_1029,roadmap_stage_0002,,True
c2rs_01030,cert_1030,roadmap_stage_0002,,True
c2rs_01031,cert_1031,roadmap_stage_0002,,True
c2rs_01032,cert_1032,roadmap_stage_0002,,True
c2rs_01033,cert_1033,roadmap_stage_0002,,True
c2rs_01034,cert_1034,roadmap_stage_0002,,True
c2rs_01035,cert_1035,roadmap_stage_0002,,True
c2rs_01036,cert_1036,roadmap_stage_0002,,True
c2rs_01037,cert_1037,roadmap_stage_0002,,True
c2rs_01038,cert_1038,roadmap_stage_0002,,True
c2rs_01039,cert_1039,roadmap_stage_0002,,True
c2rs_01040,cert_1040,roadmap_stage_0002,,True
c2rs_01041,cert_1041,roadmap_stage_0002,,True
c2rs_01042,cert_1042,roadmap_stage_0002,,True
c2rs_01043,cert_1043,roadmap_stage_0002,,True
c2rs_01044,cert_1044,roadmap_stage_0002,,True
c2rs_01045,cert_1045,roadmap_stage_0002,,True
c2rs_01046,cert_1046,roadmap_stage_0002,,True
c2rs_01047,cert_1047,roadmap_stage_0002,,True
c2rs_01048,cert_1048,roadmap_stage_0002,,True
c2rs_01049,cert_1049,roadmap_stage_0002,,True
c2rs_01050,cert_1050,roadmap_stage_0002,,True
c2rs_01051,cert_1051,roadmap_stage_0002,,True
c2rs_01052,cert_1052,roadmap_stage_0002,,True
c2rs_01053,cert_1053,roadmap_stage_0002,,True
c2rs_01054,cert_1054,roadmap_stage_0002,,True
c2rs_01055,cert_1055,roadmap_stage_0002,,True
c2rs_01056,cert_1056,roadmap_stage_0002,,True
c2rs_01057,cert_1057,roadmap_stage_0002,,True
c2rs_01058,cert_1058,roadmap_stage_0002,,True
c2rs_01059,cert_1059,roadmap_stage_0002,,True
c2rs_01060,cert_1060,roadmap_stage_0002,,True
c2rs_01061,cert_1061,roadmap_stage_0002,,True
c2rs_01062,cert_1062,roadmap_stage_0002,,True
c2rs_01063,cert_1063,roadmap_stage_0002,,True
c2rs_01064,cert_1064,roadmap_stage_0002,,True
c2rs_01065,cert_1065,roadmap_stage_0002,,True
c2rs_01066,cert_1066,roadmap_stage_0002,,True
c2rs_01067,cert_1067,roadmap_stage_0002,,True
c2rs_01068,cert_1068,roadmap_stage_0002,,True
c2rs_01069,cert_1069,roadmap_stage_0002,,True
c2rs_01070,cert_1070,roadmap_stage_0002,,True
c2rs_01071,cert_1071,roadmap_stage_0002,,True
c2rs_01072,cert_1072,roadmap_stage_0002,,True
c2rs_01073,cert_1073,roadmap_stage_0002,,True
c2rs_01074,cert_1074,roadmap_stage_0002,,True
c2rs_01075,cert_1075,roadmap_stage_0002,,True
c2rs_01076,cert_1076,roadmap_stage_0002,,True
c2rs_01077,cert_1077,roadmap_stage_0002,,True
c2rs_01078,cert_1078,roadmap_stage_0002,,True
c2rs_01079,cert_1079,roadmap_stage_0002,,True
c2rs_01080,cert_1080,roadmap_stage_0002,,True
c2rs_01081,cert_1081,roadmap_stage_0002,,True
c2rs_01082,cert_1082,roadmap_stage_0002,,True
c2rs_01083,cert_1083,roadmap_stage_0002,,True
c2rs_01084,cert_1084,roadmap_stage_0002,,True
c2rs_01085,cert_1085,roadmap_stage_0002,,True
c2rs_01086,cert_1086,roadmap_stage_0002,,True
c2rs_01087,cert_1087,roadmap_stage_0002,,True
c2rs_01088,cert_1088,roadmap_stage_0002,,True
c2rs_01089,cert_1089,roadmap_stage_0002,,True
c2rs_01090,cert_1090,roadmap_stage_0002,,True
c2rs_01091,cert_1091,roadmap_stage_0002,,True
c2rs_01092,cert_1092,roadmap_stage_0002,,True
c2rs_01093,cert_1093,roadmap_stage_0004,2_산업기사,True
c2rs_01094,cert_1094,roadmap_stage_0002,,True
c2rs_01095,cert_1095,roadmap_stage_0002,,True
c2rs_01096,cert_1096,roadmap_stage_0002,,True
c2rs_01097,cert_1097,roadmap_stage_0002,,True
c2rs_01098,cert_1098,roadmap_stage_0002,,True
c2rs_01099,cert_1099,roadmap_stage_0002,,True
c2rs_01100,cert_1100,roadmap_stage_0002,,True
c2rs_01101,cert_1101,roadmap_stage_0002,,True
c2rs_01102,cert_1102,roadmap_stage_0002,,True
c2rs_01103,cert_1103,roadmap_stage_0002,,True
c2rs_01104,cert_1104,roadmap_stage_0002,,True
c2rs_01105,cert_1105,roadmap_stage_0002,,True
c2rs_01106,cert_1106,roadmap_stage_0002,,True
c2rs_01107,cert_1107,roadmap_stage_0002,,True
c2rs_01108,cert_1108,roadmap_stage_0002,,True
c2rs_01109,cert_1109,roadmap_stage_0002,,True
c2rs_01110,cert_1110,roadmap_stage_0002,,True
c2rs_01111,cert_1111,roadmap_stage_0002,,True
c2rs_01112,cert_1112,roadmap_stage_0002,,True
c2rs_01113,cert_1113,roadmap_stage_0002,,True
c2rs_01114,cert_1114,roadmap_stage_0002,,True
c2rs_01115,cert_1115,roadmap_stage_0002,,True
c2rs_01116,cert_1116,roadmap_stage_0002,,True
c2rs_01117,cert_1117,roadmap_stage_0002,,True
c2rs_01118,cert_1118,roadmap_stage_0002,,True
c2rs_01119,cert_1119,roadmap_stage_0002,,True
c2rs_01120,cert_1120,roadmap_stage_0002,,True
c2rs_01121,cert_1121,roadmap_stage_0002,,True
c2rs_01122,cert_1122,roadmap_stage_0002,,True
c2rs_01123,cert_1123,roadmap_stage_0002,,True
c2rs_01124,cert_1124,roadmap_stage_0002,,True
c2rs_01125,cert_1125,roadmap_stage_0002,,True
c2rs_01126,cert_1126,roadmap_stage_0002,,True
c2rs_01127,cert_1127,roadmap_stage_0002,,True
c2rs_01128,cert_1128,roadmap_stage_0002,,True
c2rs_01129,cert_1129,roadmap_stage_0002,,True
c2rs_01130,cert_1130,roadmap_stage_0002,,True
c2rs_01131,cert_1131,roadmap_stage_0002,,True
c2rs_01132,cert_1132,roadmap_stage_0002,,True
c2rs_01133,cert_1133,roadmap_stage_0002,,True
c2rs_01134,cert_1134,roadmap_stage_0002,,True
c2rs_01135,cert_1135,roadmap_stage_0002,,True
c2rs_01136,cert_1136,roadmap_stage_0002,,True
c2rs_01137,cert_1137,roadmap_stage_0002,,True
c2rs_01138,cert_1138,roadmap_stage_0002,,True
c2rs_01139,cert_1139,roadmap_stage_0002,,True
c2rs_01140,cert_1140,roadmap_stage_0002,,True
c2rs_01141,cert_1141,roadmap_stage_0002,,True
c2rs_01142,cert_1142,roadmap_stage_0002,,True
c2rs_01143,cert_1143,roadmap_stage_0002,,True
c2rs_01144,cert_1144,roadmap_stage_0002,,True
c2rs_01145,cert_1145,roadmap_stage_0002,,True
c2rs_01146,cert_1146,roadmap_stage_0002,,True
c2rs_01147,cert_1147,roadmap_stage_0002,,True
c2rs_01148,cert_1148,roadmap_stage_0002,,True
c2rs_01149,cert_1149,roadmap_stage_0002,,True
c2rs_01150,cert_1150,roadmap_stage_0002,,True
c2rs_01151,cert_1151,roadmap_stage_0002,,True
c2rs_01152,cert_1152,roadmap_stage_0002,,True
c2rs_01153,cert_1153,roadmap_stage_0002,,True
c2rs_01154,cert_1154,roadmap_stage_0002,,True
c2rs_01155,cert_1155,roadmap_stage_0002,,True
c2rs_01156,cert_1156,roadmap_stage_0002,,True
c2rs_01157,cert_1157,roadmap_stage_0002,,True
c2rs_01158,cert_1158,roadmap_stage_0002,,True
c2rs_01159,cert_1159,roadmap_stage_0002,,True
c2rs_01160,cert_1160,roadmap_stage_0002,,True
c2rs_01161,cert_1161,roadmap_stage_0002,,True
c2rs_01162,cert_1162,roadmap_stage_0002,,True
c2rs_01163,cert_1163,roadmap_stage_0002,,True
c2rs_01164,cert_1164,roadmap_stage_0002,,True
c2rs_01165,cert_1165,roadmap_stage_0002,,True
c2rs_01166,cert_1166,roadmap_stage_0002,,True
c2rs_01167,cert_1167,roadmap_stage_0002,,True
c2rs_01168,cert_1168,roadmap_stage_0002,,True
c2rs_01169,cert_1169,roadmap_stage_0002,,True
c2rs_01170,cert_1170,roadmap_stage_0002,,True
c2rs_01171,cert_1171,roadmap_stage_0002,,True
c2rs_01172,cert_1172,roadmap_stage_0002,,True
c2rs_01173,cert_1173,roadmap_stage_0002,,True
c2rs_01174,cert_1174,roadmap_stage_0002,,True
c2rs_01175,cert_1175,roadmap_stage_0002,,True
c2rs_01176,cert_1176,roadmap_stage_0002,,True
c2rs_01177,cert_1177,roadmap_stage_0002,,True
c2rs_01178,cert_1178,roadmap_stage_0002,,True
c2rs_01179,cert_1179,roadmap_stage_0002,,True
c2rs_01180,cert_1180,roadmap_stage_0002,,True
c2rs_01181,cert_1181,roadmap_stage_0002,,True
c2rs_01182,cert_1182,roadmap_stage_0002,,True
c2rs_01183,cert_1183,roadmap_stage_0002,,True
c2rs_01184,cert_1184,roadmap_stage_0002,,True
c2rs_01185,cert_1185,roadmap_stage_0002,,True
c2rs_01186,cert_1186,roadmap_stage_0002,,True
c2rs_01187,cert_1187,roadmap_stage_0002,,True
c2rs_01188,cert_1188,roadmap_stage_0002,,True
c2rs_01189,cert_1189,roadmap_stage_0002,,True
c2rs_01190,cert_1190,roadmap_stage_0002,,True
c2rs_01191,cert_1191,roadmap_stage_0002,,True
c2rs_01192,cert_1192,roadmap_stage_0002,,True
c2rs_01193,cert_1193,roadmap_stage_0002,,True
c2rs_01194,cert_1194,roadmap_stage_0002,,True
c2rs_01195,cert_1195,roadmap_stage_0002,,True
c2rs_01196,cert_1196,roadmap_stage_0002,,True
c2rs_01197,cert_1197,roadmap_stage_0002,,True
c2rs_01198,cert_1198,roadmap_stage_0002,,True
c2rs_01199,cert_1199,roadmap_stage_0002,,True
c2rs_01200,cert_1200,roadmap_stage_0002,,True
c2rs_01201,cert_1201,roadmap_stage_0002,,True
c2rs_01202,cert_1202,roadmap_stage_0002,,True
c2rs_01203,cert_1203,roadmap_stage_0002,,True
c2rs_01204,cert_1204,roadmap_stage_0002,,True
c2rs_01205,cert_1205,roadmap_stage_0002,,True
c2rs_01206,cert_1206,roadmap_stage_0002,,True
c2rs_01207,cert_1207,roadmap_stage_0002,,True
c2rs_01208,cert_1208,roadmap_stage_0002,,True
c2rs_01209,cert_1209,roadmap_stage_0002,,True
c2rs_01210,cert_1210,roadmap_stage_0002,,True
c2rs_01211,cert_1211,roadmap_stage_0002,,True
c2rs_01212,cert_1212,roadmap_stage_0002,,True
c2rs_01213,cert_1213,roadmap_stage_0002,,True
c2rs_01214,cert_1214,roadmap_stage_0002,,True
c2rs_01215,cert_1215,roadmap_stage_0002,,True
c2rs_01216,cert_1216,roadmap_stage_0002,,True
c2rs_01217,cert_1217,roadmap_stage_0002,,True
c2rs_01218,cert_1218,roadmap_stage_0002,,True
c2rs_01219,cert_1219,roadmap_stage_0002,,True
c2rs_01220,cert_1220,roadmap_stage_0002,,True
c2rs_01221,cert_1221,roadmap_stage_0002,,True
c2rs_01222,cert_1222,roadmap_stage_0002,,True
c2rs_01223,cert_1223,roadmap_stage_0002,,True
c2rs_01224,cert_1224,roadmap_stage_0002,,True
c2rs_01225,cert_1225,roadmap_stage_0002,,True
c2rs_01226,cert_1226,roadmap_stage_0002,,True
c2rs_01227,cert_1227,roadmap_stage_0002,,True
c2rs_01228,cert_1228,roadmap_stage_0002,,True
c2rs_01229,cert_1229,roadmap_stage_0002,,True
c2rs_01230,cert_1230,roadmap_stage_0002,,True
c2rs_01231,cert_1231,roadmap_stage_0002,,True
c2rs_01232,cert_1232,roadmap_stage_0002,,True
c2rs_01233,cert_1233,roadmap_stage_0002,,True
c2rs_01234,cert_1234,roadmap_stage_0002,,True
c2rs_01235,cert_1235,roadmap_stage_0002,,True
c2rs_01236,cert_1236,roadmap_stage_0002,,True
c2rs_01237,cert_1237,roadmap_stage_0002,,True
c2rs_01238,cert_1238,roadmap_stage_0002,,True
c2rs_01239,cert_1239,roadmap_stage_0002,,True
c2rs_01240,cert_1240,roadmap_stage_0002,,True
c2rs_01241,cert_1241,roadmap_stage_0002,,True
c2rs_01242,cert_1242,roadmap_stage_0002,,True
c2rs_01243,cert_1243,roadmap_stage_0002,,True
c2rs_01244,cert_1244,roadmap_stage_0002,,True
c2rs_01245,cert_1245,roadmap_stage_0002,,True
c2rs_01246,cert_1246,roadmap_stage_0002,,True
c2rs_01247,cert_1247,roadmap_stage_0002,,True
c2rs_01248,cert_1248,roadmap_stage_0002,,True
c2rs_01249,cert_1249,roadmap_stage_0002,,True
c2rs_01250,cert_1250,roadmap_stage_0002,,True
c2rs_01251,cert_1251,roadmap_stage_0002,,True
c2rs_01252,cert_1252,roadmap_stage_0002,,True
c2rs_01253,cert_1253,roadmap_stage_0002,,True
c2rs_01254,cert_1254,roadmap_stage_0002,,True
c2rs_01255,cert_1255,roadmap_stage_0002,,True
c2rs_01256,cert_1256,roadmap_stage_0002,,True
c2rs_01257,cert_1257,roadmap_stage_0002,,True
c2rs_01258,cert_1258,roadmap_stage_0002,,True
c2rs_01259,cert_1259,roadmap_stage_0002,,True
c2rs_01260,cert_1260,roadmap_stage_0002,,True
c2rs_01261,cert_1261,roadmap_stage_0002,,True
c2rs_01262,cert_1262,roadmap_stage_0002,,True
c2rs_01263,cert_1263,roadmap_stage_0002,,True
c2rs_01264,cert_1264,roadmap_stage_0002,,True
c2rs_01265,cert_1265,roadmap_stage_0002,,True
c2rs_01266,cert_1266,roadmap_stage_0002,,True
c2rs_01267,cert_1267,roadmap_stage_0002,,True
c2rs_01268,cert_1268,roadmap_stage_0002,,True
c2rs_01269,cert_1269,roadmap_stage_0002,,True
c2rs_01270,cert_1270,roadmap_stage_0002,,True
c2rs_01271,cert_1271,roadmap_stage_0002,,True
c2rs_01272,cert_1272,roadmap_stage_0002,,True
c2rs_01273,cert_1273,roadmap_stage_0002,,True
c2rs_01274,cert_1274,roadmap_stage_0002,,True
c2rs_01275,cert_1275,roadmap_stage_0002,,True
c2rs_01276,cert_1276,roadmap_stage_0002,,True
c2rs_01277,cert_1277,roadmap_stage_0002,,True
c2rs_01278,cert_1278,roadmap_stage_0002,,True
c2rs_01279,cert_1279,roadmap_stage_0002,,True
c2rs_01280,cert_1280,roadmap_stage_0002,,True
c2rs_01281,cert_1281,roadmap_stage_0002,,True
c2rs_01282,cert_1282,roadmap_stage_0002,,True
c2rs_01283,cert_1283,roadmap_stage_0002,,True
c2rs_01284,cert_1284,roadmap_stage_0002,,True
c2rs_01285,cert_1285,roadmap_stage_0002,,True
c2rs_01286,cert_1286,roadmap_stage_0002,,True
c2rs_01287,cert_1287,roadmap_stage_0002,,True
c2rs_01288,cert_1288,roadmap_stage_0002,,True
c2rs_01289,cert_1289,roadmap_stage_0002,,True
c2rs_01290,cert_1290,roadmap_stage_0003,1_기능사,True
